"--large-name172--","mutateRow_call(ByteBuffer,ByteBuffer,List<Mutation>,Map<ByteBuffer,ByteBuffer>,org.apache.thrift.async.AsyncMethodCallback,org.apache.thrift.async.TAsyncClient,org.apache.thrift.protocol.TProtocolFactory,org.apache.thrift.transport.TNonblockingTransport)"
"--large-name242--","disableTable(org.apache.hadoop.hbase.shaded.com.google.protobuf.RpcController,org.apache.hadoop.hbase.shaded.protobuf.generated.MasterProtos.DisableTableRequest,org.apache.hadoop.hbase.shaded.com.google.protobuf.RpcCallback<org.apache.hadoop.hbase.shaded.protobuf.generated.MasterProtos.DisableTableResponse>)"
"--large-name96--","isSnapshotDone(com.google.protobuf.RpcController,org.apache.hadoop.hbase.protobuf.generated.MasterAdminProtos.IsSnapshotDoneRequest,com.google.protobuf.RpcCallback<org.apache.hadoop.hbase.protobuf.generated.MasterAdminProtos.IsSnapshotDoneResponse>)"
"--large-name13--","scannerOpenTs_call(ByteBuffer,ByteBuffer,List<ByteBuffer>,long,org.apache.thrift.async.AsyncMethodCallback<scannerOpenTs_call>,org.apache.thrift.async.TAsyncClient,org.apache.thrift.protocol.TProtocolFactory,org.apache.thrift.transport.TNonblockingTransport)"
"--large-name43--","scannerOpenWithPrefix_call(ByteBuffer,ByteBuffer,List<ByteBuffer>,Map<ByteBuffer,ByteBuffer>,org.apache.thrift.async.AsyncMethodCallback<scannerOpenWithPrefix_call>,org.apache.thrift.async.TAsyncClient,org.apache.thrift.protocol.TProtocolFactory,org.apache.thrift.transport.TNonblockingTransport)"
"--large-name140--","reportRegionTransition(com.google.protobuf.RpcController,org.apache.hadoop.hbase.protobuf.generated.RegionServerStatusProtos.ReportRegionTransitionRequest,com.google.protobuf.RpcCallback<org.apache.hadoop.hbase.protobuf.generated.RegionServerStatusProtos.ReportRegionTransitionResponse>)"
"--large-name243--","dispatchMergingRegions(org.apache.hadoop.hbase.shaded.com.google.protobuf.RpcController,org.apache.hadoop.hbase.shaded.protobuf.generated.MasterProtos.DispatchMergingRegionsRequest,org.apache.hadoop.hbase.shaded.com.google.protobuf.RpcCallback<org.apache.hadoop.hbase.shaded.protobuf.generated.MasterProtos.DispatchMergingRegionsResponse>)"
"--large-name29--","getRowWithColumns_call(ByteBuffer,ByteBuffer,List<ByteBuffer>,Map<ByteBuffer,ByteBuffer>,org.apache.thrift.async.AsyncMethodCallback<getRowWithColumns_call>,org.apache.thrift.async.TAsyncClient,org.apache.thrift.protocol.TProtocolFactory,org.apache.thrift.transport.TNonblockingTransport)"
"--large-name195--","moveServers(com.google.protobuf.RpcController,org.apache.hadoop.hbase.protobuf.generated.RSGroupAdminProtos.MoveServersRequest,com.google.protobuf.RpcCallback<org.apache.hadoop.hbase.protobuf.generated.RSGroupAdminProtos.MoveServersResponse>)"
"--large-name47--","scannerOpen_call(ByteBuffer,ByteBuffer,List<ByteBuffer>,Map<ByteBuffer,ByteBuffer>,org.apache.thrift.async.AsyncMethodCallback<scannerOpen_call>,org.apache.thrift.async.TAsyncClient,org.apache.thrift.protocol.TProtocolFactory,org.apache.thrift.transport.TNonblockingTransport)"
"--large-name159--","deleteAllTs_call(ByteBuffer,ByteBuffer,ByteBuffer,long,Map<ByteBuffer,ByteBuffer>,org.apache.thrift.async.AsyncMethodCallback,org.apache.thrift.async.TAsyncClient,org.apache.thrift.protocol.TProtocolFactory,org.apache.thrift.transport.TNonblockingTransport)"
"--large-name109--","listTableDescriptorsByNamespace(com.google.protobuf.RpcController,org.apache.hadoop.hbase.protobuf.generated.MasterAdminProtos.ListTableDescriptorsByNamespaceRequest,com.google.protobuf.RpcCallback<org.apache.hadoop.hbase.protobuf.generated.MasterAdminProtos.ListTableDescriptorsByNamespaceResponse>)"
"--large-name252--","getLastMajorCompactionTimestampForRegion(org.apache.hadoop.hbase.shaded.com.google.protobuf.RpcController,org.apache.hadoop.hbase.shaded.protobuf.generated.MasterProtos.MajorCompactionTimestampForRegionRequest,org.apache.hadoop.hbase.shaded.com.google.protobuf.RpcCallback<org.apache.hadoop.hbase.shaded.protobuf.generated.MasterProtos.MajorCompactionTimestampResponse>)"
"--large-name291--","regionServerStartup(org.apache.hadoop.hbase.shaded.com.google.protobuf.RpcController,org.apache.hadoop.hbase.shaded.protobuf.generated.RegionServerStatusProtos.RegionServerStartupRequest,org.apache.hadoop.hbase.shaded.com.google.protobuf.RpcCallback<org.apache.hadoop.hbase.shaded.protobuf.generated.RegionServerStatusProtos.RegionServerStartupResponse>)"
"--large-name51--","getServerInfo(com.google.protobuf.RpcController,org.apache.hadoop.hbase.protobuf.generated.RegionAdminProtos.GetServerInfoRequest,com.google.protobuf.RpcCallback<org.apache.hadoop.hbase.protobuf.generated.RegionAdminProtos.GetServerInfoResponse>)"
"--large-name138--","checkAndPut_call(ByteBuffer,ByteBuffer,ByteBuffer,ByteBuffer,Mutation,Map<ByteBuffer,ByteBuffer>,org.apache.thrift.async.AsyncMethodCallback<checkAndPut_call>,org.apache.thrift.async.TAsyncClient,org.apache.thrift.protocol.TProtocolFactory,org.apache.thrift.transport.TNonblockingTransport)"
"--large-name86--","execService(com.google.protobuf.RpcController,org.apache.hadoop.hbase.protobuf.generated.ClientProtos.CoprocessorServiceRequest,com.google.protobuf.RpcCallback<org.apache.hadoop.hbase.protobuf.generated.ClientProtos.CoprocessorServiceResponse>)"
"--large-name104--","deleteNamespace(com.google.protobuf.RpcController,org.apache.hadoop.hbase.protobuf.generated.MasterAdminProtos.DeleteNamespaceRequest,com.google.protobuf.RpcCallback<org.apache.hadoop.hbase.protobuf.generated.MasterAdminProtos.DeleteNamespaceResponse>)"
"--large-name177--","scannerOpenWithScan_call(ByteBuffer,TScan,Map<ByteBuffer,ByteBuffer>,org.apache.thrift.async.AsyncMethodCallback,org.apache.thrift.async.TAsyncClient,org.apache.thrift.protocol.TProtocolFactory,org.apache.thrift.transport.TNonblockingTransport)"
"--large-name227--","get(org.apache.hadoop.hbase.shaded.com.google.protobuf.RpcController,org.apache.hadoop.hbase.shaded.protobuf.generated.ClientProtos.GetRequest,org.apache.hadoop.hbase.shaded.com.google.protobuf.RpcCallback<org.apache.hadoop.hbase.shaded.protobuf.generated.ClientProtos.GetResponse>)"
"--large-name168--","getVerTs_call(ByteBuffer,ByteBuffer,ByteBuffer,long,int,Map<ByteBuffer,ByteBuffer>,org.apache.thrift.async.AsyncMethodCallback,org.apache.thrift.async.TAsyncClient,org.apache.thrift.protocol.TProtocolFactory,org.apache.thrift.transport.TNonblockingTransport)"
"--large-name257--","getTableDescriptors(org.apache.hadoop.hbase.shaded.com.google.protobuf.RpcController,org.apache.hadoop.hbase.shaded.protobuf.generated.MasterProtos.GetTableDescriptorsRequest,org.apache.hadoop.hbase.shaded.com.google.protobuf.RpcCallback<org.apache.hadoop.hbase.shaded.protobuf.generated.MasterProtos.GetTableDescriptorsResponse>)"
"--large-name219--","stopServer(org.apache.hadoop.hbase.shaded.com.google.protobuf.RpcController,org.apache.hadoop.hbase.shaded.protobuf.generated.AdminProtos.StopServerRequest,org.apache.hadoop.hbase.shaded.com.google.protobuf.RpcCallback<org.apache.hadoop.hbase.shaded.protobuf.generated.AdminProtos.StopServerResponse>)"
"--large-name218--","splitRegion(org.apache.hadoop.hbase.shaded.com.google.protobuf.RpcController,org.apache.hadoop.hbase.shaded.protobuf.generated.AdminProtos.SplitRegionRequest,org.apache.hadoop.hbase.shaded.com.google.protobuf.RpcCallback<org.apache.hadoop.hbase.shaded.protobuf.generated.AdminProtos.SplitRegionResponse>)"
"--large-name74--","unassignRegion(com.google.protobuf.RpcController,org.apache.hadoop.hbase.protobuf.generated.MasterAdminProtos.UnassignRegionRequest,com.google.protobuf.RpcCallback<org.apache.hadoop.hbase.protobuf.generated.MasterAdminProtos.UnassignRegionResponse>)"
"--large-name66--","getTableDescriptors(com.google.protobuf.RpcController,org.apache.hadoop.hbase.protobuf.generated.MasterProtos.GetTableDescriptorsRequest,com.google.protobuf.RpcCallback<org.apache.hadoop.hbase.protobuf.generated.MasterProtos.GetTableDescriptorsResponse>)"
"--large-name268--","listNamespaceDescriptors(org.apache.hadoop.hbase.shaded.com.google.protobuf.RpcController,org.apache.hadoop.hbase.shaded.protobuf.generated.MasterProtos.ListNamespaceDescriptorsRequest,org.apache.hadoop.hbase.shaded.com.google.protobuf.RpcCallback<org.apache.hadoop.hbase.shaded.protobuf.generated.MasterProtos.ListNamespaceDescriptorsResponse>)"
"--large-name35--","getVerTs_call(ByteBuffer,ByteBuffer,ByteBuffer,long,int,Map<ByteBuffer,ByteBuffer>,org.apache.thrift.async.AsyncMethodCallback<getVerTs_call>,org.apache.thrift.async.TAsyncClient,org.apache.thrift.protocol.TProtocolFactory,org.apache.thrift.transport.TNonblockingTransport)"
"--large-name33--","getRowsWithColumns_call(ByteBuffer,List<ByteBuffer>,List<ByteBuffer>,Map<ByteBuffer,ByteBuffer>,org.apache.thrift.async.AsyncMethodCallback<getRowsWithColumns_call>,org.apache.thrift.async.TAsyncClient,org.apache.thrift.protocol.TProtocolFactory,org.apache.thrift.transport.TNonblockingTransport)"
"--large-name175--","scannerOpenTs_call(ByteBuffer,ByteBuffer,List<ByteBuffer>,long,Map<ByteBuffer,ByteBuffer>,org.apache.thrift.async.AsyncMethodCallback,org.apache.thrift.async.TAsyncClient,org.apache.thrift.protocol.TProtocolFactory,org.apache.thrift.transport.TNonblockingTransport)"
"--large-name115--","getCompletedSnapshots(com.google.protobuf.RpcController,org.apache.hadoop.hbase.protobuf.generated.MasterAdminProtos.GetCompletedSnapshotsRequest,com.google.protobuf.RpcCallback<org.apache.hadoop.hbase.protobuf.generated.MasterAdminProtos.GetCompletedSnapshotsResponse>)"
"--large-name265--","isProcedureDone(org.apache.hadoop.hbase.shaded.com.google.protobuf.RpcController,org.apache.hadoop.hbase.shaded.protobuf.generated.MasterProtos.IsProcedureDoneRequest,org.apache.hadoop.hbase.shaded.com.google.protobuf.RpcCallback<org.apache.hadoop.hbase.shaded.protobuf.generated.MasterProtos.IsProcedureDoneResponse>)"
"--large-name84--","checkPermissions(com.google.protobuf.RpcController,org.apache.hadoop.hbase.protobuf.generated.AccessControlProtos.CheckPermissionsRequest,com.google.protobuf.RpcCallback<org.apache.hadoop.hbase.protobuf.generated.AccessControlProtos.CheckPermissionsResponse>)"
"--large-name226--","execService(org.apache.hadoop.hbase.shaded.com.google.protobuf.RpcController,org.apache.hadoop.hbase.shaded.protobuf.generated.ClientProtos.CoprocessorServiceRequest,org.apache.hadoop.hbase.shaded.com.google.protobuf.RpcCallback<org.apache.hadoop.hbase.shaded.protobuf.generated.ClientProtos.CoprocessorServiceResponse>)"
"--large-name246--","execMasterService(org.apache.hadoop.hbase.shaded.com.google.protobuf.RpcController,org.apache.hadoop.hbase.shaded.protobuf.generated.ClientProtos.CoprocessorServiceRequest,org.apache.hadoop.hbase.shaded.com.google.protobuf.RpcCallback<org.apache.hadoop.hbase.shaded.protobuf.generated.ClientProtos.CoprocessorServiceResponse>)"
"--large-name19--","getRowOrBefore_call(ByteBuffer,ByteBuffer,ByteBuffer,org.apache.thrift.async.AsyncMethodCallback<getRowOrBefore_call>,org.apache.thrift.async.TAsyncClient,org.apache.thrift.protocol.TProtocolFactory,org.apache.thrift.transport.TNonblockingTransport)"
"--large-name87--","delete(com.google.protobuf.RpcController,org.apache.hadoop.hbase.coprocessor.example.generated.BulkDeleteProtos.BulkDeleteRequest,com.google.protobuf.RpcCallback<org.apache.hadoop.hbase.coprocessor.example.generated.BulkDeleteProtos.BulkDeleteResponse>)"
"--large-name216--","replicateWALEntry(org.apache.hadoop.hbase.shaded.com.google.protobuf.RpcController,org.apache.hadoop.hbase.shaded.protobuf.generated.AdminProtos.ReplicateWALEntryRequest,org.apache.hadoop.hbase.shaded.com.google.protobuf.RpcCallback<org.apache.hadoop.hbase.shaded.protobuf.generated.AdminProtos.ReplicateWALEntryResponse>)"
"--large-name45--","scannerOpenWithStopTs_call(ByteBuffer,ByteBuffer,ByteBuffer,List<ByteBuffer>,long,Map<ByteBuffer,ByteBuffer>,org.apache.thrift.async.AsyncMethodCallback<scannerOpenWithStopTs_call>,org.apache.thrift.async.TAsyncClient,org.apache.thrift.protocol.TProtocolFactory,org.apache.thrift.transport.TNonblockingTransport)"
"--large-name157--","deleteAllRowTs_call(ByteBuffer,ByteBuffer,long,Map<ByteBuffer,ByteBuffer>,org.apache.thrift.async.AsyncMethodCallback,org.apache.thrift.async.TAsyncClient,org.apache.thrift.protocol.TProtocolFactory,org.apache.thrift.transport.TNonblockingTransport)"
"--large-name185--","checkAndMutate_call(ByteBuffer,ByteBuffer,ByteBuffer,ByteBuffer,TCompareOp,ByteBuffer,TRowMutations,org.apache.thrift.async.AsyncMethodCallback,org.apache.thrift.async.TAsyncClient,org.apache.thrift.protocol.TProtocolFactory,org.apache.thrift.transport.TNonblockingTransport)"
"--large-name3--","deleteAllRowTs_call(ByteBuffer,ByteBuffer,long,org.apache.thrift.async.AsyncMethodCallback<deleteAllRowTs_call>,org.apache.thrift.async.TAsyncClient,org.apache.thrift.protocol.TProtocolFactory,org.apache.thrift.transport.TNonblockingTransport)"
"--large-name37--","get_call(ByteBuffer,ByteBuffer,ByteBuffer,Map<ByteBuffer,ByteBuffer>,org.apache.thrift.async.AsyncMethodCallback<get_call>,org.apache.thrift.async.TAsyncClient,org.apache.thrift.protocol.TProtocolFactory,org.apache.thrift.transport.TNonblockingTransport)"
"--large-name79--","isCatalogJanitorEnabled(com.google.protobuf.RpcController,org.apache.hadoop.hbase.protobuf.generated.MasterAdminProtos.IsCatalogJanitorEnabledRequest,com.google.protobuf.RpcCallback<org.apache.hadoop.hbase.protobuf.generated.MasterAdminProtos.IsCatalogJanitorEnabledResponse>)"
"--large-name100--","getCompletedSnapshots(com.google.protobuf.RpcController,org.apache.hadoop.hbase.protobuf.generated.MasterAdminProtos.ListSnapshotRequest,com.google.protobuf.RpcCallback<org.apache.hadoop.hbase.protobuf.generated.MasterAdminProtos.ListSnapshotResponse>)"
"--large-name260--","isBalancerEnabled(org.apache.hadoop.hbase.shaded.com.google.protobuf.RpcController,org.apache.hadoop.hbase.shaded.protobuf.generated.MasterProtos.IsBalancerEnabledRequest,org.apache.hadoop.hbase.shaded.com.google.protobuf.RpcCallback<org.apache.hadoop.hbase.shaded.protobuf.generated.MasterProtos.IsBalancerEnabledResponse>)"
"--large-name205--","callMethod(org.apache.hadoop.hbase.shaded.com.google.protobuf.Descriptors.MethodDescriptor,org.apache.hadoop.hbase.shaded.com.google.protobuf.RpcController,org.apache.hadoop.hbase.shaded.com.google.protobuf.Message,org.apache.hadoop.hbase.shaded.com.google.protobuf.RpcCallback<org.apache.hadoop.hbase.shaded.com.google.protobuf.Message>)"
"--large-name82--","getKeyValueCount(com.google.protobuf.RpcController,org.apache.hadoop.hbase.coprocessor.example.generated.ExampleProtos.CountRequest,com.google.protobuf.RpcCallback<org.apache.hadoop.hbase.coprocessor.example.generated.ExampleProtos.CountResponse>)"
"--large-name152--","dummyThrow(com.google.protobuf.RpcController,org.apache.hadoop.hbase.coprocessor.protobuf.generated.DummyRegionServerEndpointProtos.DummyRequest,com.google.protobuf.RpcCallback<org.apache.hadoop.hbase.coprocessor.protobuf.generated.DummyRegionServerEndpointProtos.DummyResponse>)"
"--large-name15--","scannerOpenWithStopTs_call(ByteBuffer,ByteBuffer,ByteBuffer,List<ByteBuffer>,long,org.apache.thrift.async.AsyncMethodCallback<scannerOpenWithStopTs_call>,org.apache.thrift.async.TAsyncClient,org.apache.thrift.protocol.TProtocolFactory,org.apache.thrift.transport.TNonblockingTransport)"
"--large-name16--","scannerOpenWithStop_call(ByteBuffer,ByteBuffer,ByteBuffer,List<ByteBuffer>,org.apache.thrift.async.AsyncMethodCallback<scannerOpenWithStop_call>,org.apache.thrift.async.TAsyncClient,org.apache.thrift.protocol.TProtocolFactory,org.apache.thrift.transport.TNonblockingTransport)"
"--large-name261--","isCatalogJanitorEnabled(org.apache.hadoop.hbase.shaded.com.google.protobuf.RpcController,org.apache.hadoop.hbase.shaded.protobuf.generated.MasterProtos.IsCatalogJanitorEnabledRequest,org.apache.hadoop.hbase.shaded.com.google.protobuf.RpcCallback<org.apache.hadoop.hbase.shaded.protobuf.generated.MasterProtos.IsCatalogJanitorEnabledResponse>)"
"--large-name22--","deleteMultiple_call(ByteBuffer,List<TDelete>,org.apache.thrift.async.AsyncMethodCallback<deleteMultiple_call>,org.apache.thrift.async.TAsyncClient,org.apache.thrift.protocol.TProtocolFactory,org.apache.thrift.transport.TNonblockingTransport)"
"--large-name264--","isNormalizerEnabled(org.apache.hadoop.hbase.shaded.com.google.protobuf.RpcController,org.apache.hadoop.hbase.shaded.protobuf.generated.MasterProtos.IsNormalizerEnabledRequest,org.apache.hadoop.hbase.shaded.com.google.protobuf.RpcCallback<org.apache.hadoop.hbase.shaded.protobuf.generated.MasterProtos.IsNormalizerEnabledResponse>)"
"--large-name105--","getNamespaceDescriptor(com.google.protobuf.RpcController,org.apache.hadoop.hbase.protobuf.generated.MasterAdminProtos.GetNamespaceDescriptorRequest,com.google.protobuf.RpcCallback<org.apache.hadoop.hbase.protobuf.generated.MasterAdminProtos.GetNamespaceDescriptorResponse>)"
"--large-name65--","getSchemaAlterStatus(com.google.protobuf.RpcController,org.apache.hadoop.hbase.protobuf.generated.MasterProtos.GetSchemaAlterStatusRequest,com.google.protobuf.RpcCallback<org.apache.hadoop.hbase.protobuf.generated.MasterProtos.GetSchemaAlterStatusResponse>)"
"--large-name164--","getRowsTs_call(ByteBuffer,List<ByteBuffer>,long,Map<ByteBuffer,ByteBuffer>,org.apache.thrift.async.AsyncMethodCallback,org.apache.thrift.async.TAsyncClient,org.apache.thrift.protocol.TProtocolFactory,org.apache.thrift.transport.TNonblockingTransport)"
"--large-name5--","getRowWithColumnsTs_call(ByteBuffer,ByteBuffer,List<ByteBuffer>,long,org.apache.thrift.async.AsyncMethodCallback<getRowWithColumnsTs_call>,org.apache.thrift.async.TAsyncClient,org.apache.thrift.protocol.TProtocolFactory,org.apache.thrift.transport.TNonblockingTransport)"
"--large-name53--","replicateWALEntry(com.google.protobuf.RpcController,org.apache.hadoop.hbase.protobuf.generated.RegionAdminProtos.ReplicateWALEntryRequest,com.google.protobuf.RpcCallback<org.apache.hadoop.hbase.protobuf.generated.RegionAdminProtos.ReplicateWALEntryResponse>)"
"--large-name110--","listTableNamesByNamespace(com.google.protobuf.RpcController,org.apache.hadoop.hbase.protobuf.generated.MasterAdminProtos.ListTableNamesByNamespaceRequest,com.google.protobuf.RpcCallback<org.apache.hadoop.hbase.protobuf.generated.MasterAdminProtos.ListTableNamesByNamespaceResponse>)"
"--large-name106--","getTableDescriptorsByNamespace(com.google.protobuf.RpcController,org.apache.hadoop.hbase.protobuf.generated.MasterAdminProtos.GetTableDescriptorsByNamespaceRequest,com.google.protobuf.RpcCallback<org.apache.hadoop.hbase.protobuf.generated.MasterAdminProtos.GetTableDescriptorsByNamespaceResponse>)"
"--large-name223--","bulkLoadHFile(org.apache.hadoop.hbase.shaded.com.google.protobuf.RpcController,org.apache.hadoop.hbase.shaded.protobuf.generated.ClientProtos.BulkLoadHFileRequest,org.apache.hadoop.hbase.shaded.com.google.protobuf.RpcCallback<org.apache.hadoop.hbase.shaded.protobuf.generated.ClientProtos.BulkLoadHFileResponse>)"
"--large-name209--","getOnlineRegion(org.apache.hadoop.hbase.shaded.com.google.protobuf.RpcController,org.apache.hadoop.hbase.shaded.protobuf.generated.AdminProtos.GetOnlineRegionRequest,org.apache.hadoop.hbase.shaded.com.google.protobuf.RpcCallback<org.apache.hadoop.hbase.shaded.protobuf.generated.AdminProtos.GetOnlineRegionResponse>)"
"--large-name169--","getVer_call(ByteBuffer,ByteBuffer,ByteBuffer,int,Map<ByteBuffer,ByteBuffer>,org.apache.thrift.async.AsyncMethodCallback,org.apache.thrift.async.TAsyncClient,org.apache.thrift.protocol.TProtocolFactory,org.apache.thrift.transport.TNonblockingTransport)"
"--large-name259--","getTableState(org.apache.hadoop.hbase.shaded.com.google.protobuf.RpcController,org.apache.hadoop.hbase.shaded.protobuf.generated.MasterProtos.GetTableStateRequest,org.apache.hadoop.hbase.shaded.com.google.protobuf.RpcCallback<org.apache.hadoop.hbase.shaded.protobuf.generated.MasterProtos.GetTableStateResponse>)"
"--large-name194--","listRSGroupInfos(com.google.protobuf.RpcController,org.apache.hadoop.hbase.protobuf.generated.RSGroupAdminProtos.ListRSGroupInfosRequest,com.google.protobuf.RpcCallback<org.apache.hadoop.hbase.protobuf.generated.RSGroupAdminProtos.ListRSGroupInfosResponse>)"
"--large-name102--","getScannerResults_call(ByteBuffer,TScan,int,org.apache.thrift.async.AsyncMethodCallback<getScannerResults_call>,org.apache.thrift.async.TAsyncClient,org.apache.thrift.protocol.TProtocolFactory,org.apache.thrift.transport.TNonblockingTransport)"
"--large-name224--","cleanupBulkLoad(org.apache.hadoop.hbase.shaded.com.google.protobuf.RpcController,org.apache.hadoop.hbase.shaded.protobuf.generated.ClientProtos.CleanupBulkLoadRequest,org.apache.hadoop.hbase.shaded.com.google.protobuf.RpcCallback<org.apache.hadoop.hbase.shaded.protobuf.generated.ClientProtos.CleanupBulkLoadResponse>)"
"--large-name120--","dispatchMergingRegions(com.google.protobuf.RpcController,org.apache.hadoop.hbase.protobuf.generated.MasterProtos.DispatchMergingRegionsRequest,com.google.protobuf.RpcCallback<org.apache.hadoop.hbase.protobuf.generated.MasterProtos.DispatchMergingRegionsResponse>)"
"--large-name286--","stopMaster(org.apache.hadoop.hbase.shaded.com.google.protobuf.RpcController,org.apache.hadoop.hbase.shaded.protobuf.generated.MasterProtos.StopMasterRequest,org.apache.hadoop.hbase.shaded.com.google.protobuf.RpcCallback<org.apache.hadoop.hbase.shaded.protobuf.generated.MasterProtos.StopMasterResponse>)"
"--large-name287--","truncateTable(org.apache.hadoop.hbase.shaded.com.google.protobuf.RpcController,org.apache.hadoop.hbase.shaded.protobuf.generated.MasterProtos.TruncateTableRequest,org.apache.hadoop.hbase.shaded.com.google.protobuf.RpcCallback<org.apache.hadoop.hbase.shaded.protobuf.generated.MasterProtos.TruncateTableResponse>)"
"--large-name212--","getStoreFile(org.apache.hadoop.hbase.shaded.com.google.protobuf.RpcController,org.apache.hadoop.hbase.shaded.protobuf.generated.AdminProtos.GetStoreFileRequest,org.apache.hadoop.hbase.shaded.com.google.protobuf.RpcCallback<org.apache.hadoop.hbase.shaded.protobuf.generated.AdminProtos.GetStoreFileResponse>)"
"--large-name114--","getAuthenticationToken(com.google.protobuf.RpcController,org.apache.hadoop.hbase.protobuf.generated.AuthenticationProtos.GetAuthenticationTokenRequest,com.google.protobuf.RpcCallback<org.apache.hadoop.hbase.protobuf.generated.AuthenticationProtos.GetAuthenticationTokenResponse>)"
"--large-name59--","execCoprocessor(com.google.protobuf.RpcController,org.apache.hadoop.hbase.protobuf.generated.ClientProtos.ExecCoprocessorRequest,com.google.protobuf.RpcCallback<org.apache.hadoop.hbase.protobuf.generated.ClientProtos.ExecCoprocessorResponse>)"
"--large-name95--","deleteSnapshot(com.google.protobuf.RpcController,org.apache.hadoop.hbase.protobuf.generated.MasterAdminProtos.DeleteSnapshotRequest,com.google.protobuf.RpcCallback<org.apache.hadoop.hbase.protobuf.generated.MasterAdminProtos.DeleteSnapshotResponse>)"
"--large-name215--","replay(org.apache.hadoop.hbase.shaded.com.google.protobuf.RpcController,org.apache.hadoop.hbase.shaded.protobuf.generated.AdminProtos.ReplicateWALEntryRequest,org.apache.hadoop.hbase.shaded.com.google.protobuf.RpcCallback<org.apache.hadoop.hbase.shaded.protobuf.generated.AdminProtos.ReplicateWALEntryResponse>)"
"--large-name103--","createNamespace(com.google.protobuf.RpcController,org.apache.hadoop.hbase.protobuf.generated.MasterAdminProtos.CreateNamespaceRequest,com.google.protobuf.RpcCallback<org.apache.hadoop.hbase.protobuf.generated.MasterAdminProtos.CreateNamespaceResponse>)"
"--large-name213--","mergeRegions(org.apache.hadoop.hbase.shaded.com.google.protobuf.RpcController,org.apache.hadoop.hbase.shaded.protobuf.generated.AdminProtos.MergeRegionsRequest,org.apache.hadoop.hbase.shaded.com.google.protobuf.RpcCallback<org.apache.hadoop.hbase.shaded.protobuf.generated.AdminProtos.MergeRegionsResponse>)"
"--large-name184--","sum(com.google.protobuf.RpcController,org.apache.hadoop.hbase.coprocessor.protobuf.generated.ColumnAggregationWithNullResponseProtos.ColumnAggregationNullResponseSumRequest,com.google.protobuf.RpcCallback<org.apache.hadoop.hbase.coprocessor.protobuf.generated.ColumnAggregationWithNullResponseProtos.ColumnAggregationNullResponseSumResponse>)"
"--large-name234--","assignRegion(org.apache.hadoop.hbase.shaded.com.google.protobuf.RpcController,org.apache.hadoop.hbase.shaded.protobuf.generated.MasterProtos.AssignRegionRequest,org.apache.hadoop.hbase.shaded.com.google.protobuf.RpcCallback<org.apache.hadoop.hbase.shaded.protobuf.generated.MasterProtos.AssignRegionResponse>)"
"--large-name204--","ping(org.apache.hadoop.hbase.shaded.com.google.protobuf.RpcController,org.apache.hadoop.hbase.shaded.ipc.protobuf.generated.TestProtos.EmptyRequestProto,org.apache.hadoop.hbase.shaded.com.google.protobuf.RpcCallback<org.apache.hadoop.hbase.shaded.ipc.protobuf.generated.TestProtos.EmptyResponseProto>)"
"--large-name112--","updateFavoredNodes(com.google.protobuf.RpcController,org.apache.hadoop.hbase.protobuf.generated.AdminProtos.UpdateFavoredNodesRequest,com.google.protobuf.RpcCallback<org.apache.hadoop.hbase.protobuf.generated.AdminProtos.UpdateFavoredNodesResponse>)"
"--large-name221--","updateFavoredNodes(org.apache.hadoop.hbase.shaded.com.google.protobuf.RpcController,org.apache.hadoop.hbase.shaded.protobuf.generated.AdminProtos.UpdateFavoredNodesRequest,org.apache.hadoop.hbase.shaded.com.google.protobuf.RpcCallback<org.apache.hadoop.hbase.shaded.protobuf.generated.AdminProtos.UpdateFavoredNodesResponse>)"
"--large-name228--","multi(org.apache.hadoop.hbase.shaded.com.google.protobuf.RpcController,org.apache.hadoop.hbase.shaded.protobuf.generated.ClientProtos.MultiRequest,org.apache.hadoop.hbase.shaded.com.google.protobuf.RpcCallback<org.apache.hadoop.hbase.shaded.protobuf.generated.ClientProtos.MultiResponse>)"
"--large-name27--","getRowTs_call(ByteBuffer,ByteBuffer,long,Map<ByteBuffer,ByteBuffer>,org.apache.thrift.async.AsyncMethodCallback<getRowTs_call>,org.apache.thrift.async.TAsyncClient,org.apache.thrift.protocol.TProtocolFactory,org.apache.thrift.transport.TNonblockingTransport)"
"--large-name203--","pause(org.apache.hadoop.hbase.shaded.com.google.protobuf.RpcController,org.apache.hadoop.hbase.shaded.ipc.protobuf.generated.TestProtos.PauseRequestProto,org.apache.hadoop.hbase.shaded.com.google.protobuf.RpcCallback<org.apache.hadoop.hbase.shaded.ipc.protobuf.generated.TestProtos.EmptyResponseProto>)"
"--large-name69--","deleteColumn(com.google.protobuf.RpcController,org.apache.hadoop.hbase.protobuf.generated.MasterAdminProtos.DeleteColumnRequest,com.google.protobuf.RpcCallback<org.apache.hadoop.hbase.protobuf.generated.MasterAdminProtos.DeleteColumnResponse>)"
"--large-name178--","scannerOpenWithStopTs_call(ByteBuffer,ByteBuffer,ByteBuffer,List<ByteBuffer>,long,Map<ByteBuffer,ByteBuffer>,org.apache.thrift.async.AsyncMethodCallback,org.apache.thrift.async.TAsyncClient,org.apache.thrift.protocol.TProtocolFactory,org.apache.thrift.transport.TNonblockingTransport)"
"--large-name129--","modifyNamespace(com.google.protobuf.RpcController,org.apache.hadoop.hbase.protobuf.generated.MasterProtos.ModifyNamespaceRequest,com.google.protobuf.RpcCallback<org.apache.hadoop.hbase.protobuf.generated.MasterProtos.ModifyNamespaceResponse>)"
"--large-name206--","closeRegion(org.apache.hadoop.hbase.shaded.com.google.protobuf.RpcController,org.apache.hadoop.hbase.shaded.protobuf.generated.AdminProtos.CloseRegionRequest,org.apache.hadoop.hbase.shaded.com.google.protobuf.RpcCallback<org.apache.hadoop.hbase.shaded.protobuf.generated.AdminProtos.CloseRegionResponse>)"
"--large-name60--","regionServerReport(com.google.protobuf.RpcController,org.apache.hadoop.hbase.protobuf.generated.RegionServerStatusProtos.RegionServerReportRequest,com.google.protobuf.RpcCallback<org.apache.hadoop.hbase.protobuf.generated.RegionServerStatusProtos.RegionServerReportResponse>)"
"--large-name245--","enableTable(org.apache.hadoop.hbase.shaded.com.google.protobuf.RpcController,org.apache.hadoop.hbase.shaded.protobuf.generated.MasterProtos.EnableTableRequest,org.apache.hadoop.hbase.shaded.com.google.protobuf.RpcCallback<org.apache.hadoop.hbase.shaded.protobuf.generated.MasterProtos.EnableTableResponse>)"
"--large-name136--","sum(com.google.protobuf.RpcController,org.apache.hadoop.hbase.coprocessor.protobuf.generated.ColumnAggregationWithErrorsProtos.SumRequest,com.google.protobuf.RpcCallback<org.apache.hadoop.hbase.coprocessor.protobuf.generated.ColumnAggregationWithErrorsProtos.SumResponse>)"
"--large-name7--","getRowsWithColumnsTs_call(ByteBuffer,List<ByteBuffer>,List<ByteBuffer>,long,org.apache.thrift.async.AsyncMethodCallback<getRowsWithColumnsTs_call>,org.apache.thrift.async.TAsyncClient,org.apache.thrift.protocol.TProtocolFactory,org.apache.thrift.transport.TNonblockingTransport)"
"--large-name158--","deleteAllRow_call(ByteBuffer,ByteBuffer,Map<ByteBuffer,ByteBuffer>,org.apache.thrift.async.AsyncMethodCallback,org.apache.thrift.async.TAsyncClient,org.apache.thrift.protocol.TProtocolFactory,org.apache.thrift.transport.TNonblockingTransport)"
"--large-name210--","getRegionInfo(org.apache.hadoop.hbase.shaded.com.google.protobuf.RpcController,org.apache.hadoop.hbase.shaded.protobuf.generated.AdminProtos.GetRegionInfoRequest,org.apache.hadoop.hbase.shaded.com.google.protobuf.RpcCallback<org.apache.hadoop.hbase.shaded.protobuf.generated.AdminProtos.GetRegionInfoResponse>)"
"--large-name207--","compactRegion(org.apache.hadoop.hbase.shaded.com.google.protobuf.RpcController,org.apache.hadoop.hbase.shaded.protobuf.generated.AdminProtos.CompactRegionRequest,org.apache.hadoop.hbase.shaded.com.google.protobuf.RpcCallback<org.apache.hadoop.hbase.shaded.protobuf.generated.AdminProtos.CompactRegionResponse>)"
"--large-name250--","getCompletedSnapshots(org.apache.hadoop.hbase.shaded.com.google.protobuf.RpcController,org.apache.hadoop.hbase.shaded.protobuf.generated.MasterProtos.GetCompletedSnapshotsRequest,org.apache.hadoop.hbase.shaded.com.google.protobuf.RpcCallback<org.apache.hadoop.hbase.shaded.protobuf.generated.MasterProtos.GetCompletedSnapshotsResponse>)"
"--large-name49--","getOnlineRegion(com.google.protobuf.RpcController,org.apache.hadoop.hbase.protobuf.generated.RegionAdminProtos.GetOnlineRegionRequest,com.google.protobuf.RpcCallback<org.apache.hadoop.hbase.protobuf.generated.RegionAdminProtos.GetOnlineRegionResponse>)"
"--large-name274--","modifyTable(org.apache.hadoop.hbase.shaded.com.google.protobuf.RpcController,org.apache.hadoop.hbase.shaded.protobuf.generated.MasterProtos.ModifyTableRequest,org.apache.hadoop.hbase.shaded.com.google.protobuf.RpcCallback<org.apache.hadoop.hbase.shaded.protobuf.generated.MasterProtos.ModifyTableResponse>)"
"--large-name266--","isSnapshotDone(org.apache.hadoop.hbase.shaded.com.google.protobuf.RpcController,org.apache.hadoop.hbase.shaded.protobuf.generated.MasterProtos.IsSnapshotDoneRequest,org.apache.hadoop.hbase.shaded.com.google.protobuf.RpcCallback<org.apache.hadoop.hbase.shaded.protobuf.generated.MasterProtos.IsSnapshotDoneResponse>)"
"--large-name249--","getClusterStatus(org.apache.hadoop.hbase.shaded.com.google.protobuf.RpcController,org.apache.hadoop.hbase.shaded.protobuf.generated.MasterProtos.GetClusterStatusRequest,org.apache.hadoop.hbase.shaded.com.google.protobuf.RpcCallback<org.apache.hadoop.hbase.shaded.protobuf.generated.MasterProtos.GetClusterStatusResponse>)"
"--large-name130--","restoreSnapshot(com.google.protobuf.RpcController,org.apache.hadoop.hbase.protobuf.generated.MasterProtos.RestoreSnapshotRequest,com.google.protobuf.RpcCallback<org.apache.hadoop.hbase.protobuf.generated.MasterProtos.RestoreSnapshotResponse>)"
"--large-name251--","getLastMajorCompactionTimestamp(org.apache.hadoop.hbase.shaded.com.google.protobuf.RpcController,org.apache.hadoop.hbase.shaded.protobuf.generated.MasterProtos.MajorCompactionTimestampRequest,org.apache.hadoop.hbase.shaded.com.google.protobuf.RpcCallback<org.apache.hadoop.hbase.shaded.protobuf.generated.MasterProtos.MajorCompactionTimestampResponse>)"
"--large-name48--","compactRegion(com.google.protobuf.RpcController,org.apache.hadoop.hbase.protobuf.generated.RegionAdminProtos.CompactRegionRequest,com.google.protobuf.RpcCallback<org.apache.hadoop.hbase.protobuf.generated.RegionAdminProtos.CompactRegionResponse>)"
"--large-name285--","snapshot(org.apache.hadoop.hbase.shaded.com.google.protobuf.RpcController,org.apache.hadoop.hbase.shaded.protobuf.generated.MasterProtos.SnapshotRequest,org.apache.hadoop.hbase.shaded.com.google.protobuf.RpcCallback<org.apache.hadoop.hbase.shaded.protobuf.generated.MasterProtos.SnapshotResponse>)"
"--large-name161--","getRowTs_call(ByteBuffer,ByteBuffer,long,Map<ByteBuffer,ByteBuffer>,org.apache.thrift.async.AsyncMethodCallback,org.apache.thrift.async.TAsyncClient,org.apache.thrift.protocol.TProtocolFactory,org.apache.thrift.transport.TNonblockingTransport)"
"--large-name142--","execRegionServerService(com.google.protobuf.RpcController,org.apache.hadoop.hbase.protobuf.generated.ClientProtos.CoprocessorServiceRequest,com.google.protobuf.RpcCallback<org.apache.hadoop.hbase.protobuf.generated.ClientProtos.CoprocessorServiceResponse>)"
"--large-name9--","getVerTs_call(ByteBuffer,ByteBuffer,ByteBuffer,long,int,org.apache.thrift.async.AsyncMethodCallback<getVerTs_call>,org.apache.thrift.async.TAsyncClient,org.apache.thrift.protocol.TProtocolFactory,org.apache.thrift.transport.TNonblockingTransport)"
"--large-name75--","getClusterStatus(com.google.protobuf.RpcController,org.apache.hadoop.hbase.protobuf.generated.MasterMonitorProtos.GetClusterStatusRequest,com.google.protobuf.RpcCallback<org.apache.hadoop.hbase.protobuf.generated.MasterMonitorProtos.GetClusterStatusResponse>)"
"--large-name117--","mutateRows(com.google.protobuf.RpcController,org.apache.hadoop.hbase.protobuf.generated.MultiRowMutationProtos.MutateRowsRequest,com.google.protobuf.RpcCallback<org.apache.hadoop.hbase.protobuf.generated.MultiRowMutationProtos.MutateRowsResponse>)"
"--large-name229--","mutate(org.apache.hadoop.hbase.shaded.com.google.protobuf.RpcController,org.apache.hadoop.hbase.shaded.protobuf.generated.ClientProtos.MutateRequest,org.apache.hadoop.hbase.shaded.com.google.protobuf.RpcCallback<org.apache.hadoop.hbase.shaded.protobuf.generated.ClientProtos.MutateResponse>)"
"--large-name214--","openRegion(org.apache.hadoop.hbase.shaded.com.google.protobuf.RpcController,org.apache.hadoop.hbase.shaded.protobuf.generated.AdminProtos.OpenRegionRequest,org.apache.hadoop.hbase.shaded.com.google.protobuf.RpcCallback<org.apache.hadoop.hbase.shaded.protobuf.generated.AdminProtos.OpenRegionResponse>)"
"--large-name135--","isProcedureDone(com.google.protobuf.RpcController,org.apache.hadoop.hbase.protobuf.generated.MasterProtos.IsProcedureDoneRequest,com.google.protobuf.RpcCallback<org.apache.hadoop.hbase.protobuf.generated.MasterProtos.IsProcedureDoneResponse>)"
"--large-name57--","getStoreFileList(com.google.protobuf.RpcController,org.apache.hadoop.hbase.protobuf.generated.AdminProtos.GetStoreFileListRequest,com.google.protobuf.RpcCallback<org.apache.hadoop.hbase.protobuf.generated.AdminProtos.GetStoreFileListResponse>)"
"--large-name236--","createNamespace(org.apache.hadoop.hbase.shaded.com.google.protobuf.RpcController,org.apache.hadoop.hbase.shaded.protobuf.generated.MasterProtos.CreateNamespaceRequest,org.apache.hadoop.hbase.shaded.com.google.protobuf.RpcCallback<org.apache.hadoop.hbase.shaded.protobuf.generated.MasterProtos.CreateNamespaceResponse>)"
"--large-name162--","getRowWithColumnsTs_call(ByteBuffer,ByteBuffer,List<ByteBuffer>,long,Map<ByteBuffer,ByteBuffer>,org.apache.thrift.async.AsyncMethodCallback,org.apache.thrift.async.TAsyncClient,org.apache.thrift.protocol.TProtocolFactory,org.apache.thrift.transport.TNonblockingTransport)"
"--large-name91--","increment(com.google.protobuf.RpcController,org.apache.hadoop.hbase.coprocessor.protobuf.generated.PingProtos.IncrementCountRequest,com.google.protobuf.RpcCallback<org.apache.hadoop.hbase.coprocessor.protobuf.generated.PingProtos.IncrementCountResponse>)"
"--large-name108--","modifyNamespace(com.google.protobuf.RpcController,org.apache.hadoop.hbase.protobuf.generated.MasterAdminProtos.ModifyNamespaceRequest,com.google.protobuf.RpcCallback<org.apache.hadoop.hbase.protobuf.generated.MasterAdminProtos.ModifyNamespaceResponse>)"
"--large-name99--","restoreSnapshot(com.google.protobuf.RpcController,org.apache.hadoop.hbase.protobuf.generated.MasterAdminProtos.RestoreSnapshotRequest,com.google.protobuf.RpcCallback<org.apache.hadoop.hbase.protobuf.generated.MasterAdminProtos.RestoreSnapshotResponse>)"
"--large-name134--","setAuths(com.google.protobuf.RpcController,org.apache.hadoop.hbase.protobuf.generated.VisibilityLabelsProtos.SetAuthsRequest,com.google.protobuf.RpcCallback<org.apache.hadoop.hbase.protobuf.generated.VisibilityLabelsProtos.VisibilityLabelsResponse>)"
"--large-name220--","updateConfiguration(org.apache.hadoop.hbase.shaded.com.google.protobuf.RpcController,org.apache.hadoop.hbase.shaded.protobuf.generated.AdminProtos.UpdateConfigurationRequest,org.apache.hadoop.hbase.shaded.com.google.protobuf.RpcCallback<org.apache.hadoop.hbase.shaded.protobuf.generated.AdminProtos.UpdateConfigurationResponse>)"
"--large-name30--","getRow_call(ByteBuffer,ByteBuffer,Map<ByteBuffer,ByteBuffer>,org.apache.thrift.async.AsyncMethodCallback<getRow_call>,org.apache.thrift.async.TAsyncClient,org.apache.thrift.protocol.TProtocolFactory,org.apache.thrift.transport.TNonblockingTransport)"
"--large-name64--","setBalancerRunning(com.google.protobuf.RpcController,org.apache.hadoop.hbase.protobuf.generated.MasterProtos.SetBalancerRunningRequest,com.google.protobuf.RpcCallback<org.apache.hadoop.hbase.protobuf.generated.MasterProtos.SetBalancerRunningResponse>)"
"--large-name131--","addLabels(com.google.protobuf.RpcController,org.apache.hadoop.hbase.protobuf.generated.VisibilityLabelsProtos.VisibilityLabelsRequest,com.google.protobuf.RpcCallback<org.apache.hadoop.hbase.protobuf.generated.VisibilityLabelsProtos.VisibilityLabelsResponse>)"
"--large-name156--","checkAndPut_call(ByteBuffer,ByteBuffer,ByteBuffer,ByteBuffer,Mutation,Map<ByteBuffer,ByteBuffer>,org.apache.thrift.async.AsyncMethodCallback,org.apache.thrift.async.TAsyncClient,org.apache.thrift.protocol.TProtocolFactory,org.apache.thrift.transport.TNonblockingTransport)"
"--large-name198--","prepareBulkLoad(com.google.protobuf.RpcController,org.apache.hadoop.hbase.protobuf.generated.ClientProtos.PrepareBulkLoadRequest,com.google.protobuf.RpcCallback<org.apache.hadoop.hbase.protobuf.generated.ClientProtos.PrepareBulkLoadResponse>)"
"--large-name41--","mutateRows_call(ByteBuffer,List<BatchMutation>,Map<ByteBuffer,ByteBuffer>,org.apache.thrift.async.AsyncMethodCallback<mutateRows_call>,org.apache.thrift.async.TAsyncClient,org.apache.thrift.protocol.TProtocolFactory,org.apache.thrift.transport.TNonblockingTransport)"
"--large-name179--","scannerOpenWithStop_call(ByteBuffer,ByteBuffer,ByteBuffer,List<ByteBuffer>,Map<ByteBuffer,ByteBuffer>,org.apache.thrift.async.AsyncMethodCallback,org.apache.thrift.async.TAsyncClient,org.apache.thrift.protocol.TProtocolFactory,org.apache.thrift.transport.TNonblockingTransport)"
"--large-name36--","getVer_call(ByteBuffer,ByteBuffer,ByteBuffer,int,Map<ByteBuffer,ByteBuffer>,org.apache.thrift.async.AsyncMethodCallback<getVer_call>,org.apache.thrift.async.TAsyncClient,org.apache.thrift.protocol.TProtocolFactory,org.apache.thrift.transport.TNonblockingTransport)"
"--large-name225--","execRegionServerService(org.apache.hadoop.hbase.shaded.com.google.protobuf.RpcController,org.apache.hadoop.hbase.shaded.protobuf.generated.ClientProtos.CoprocessorServiceRequest,org.apache.hadoop.hbase.shaded.com.google.protobuf.RpcCallback<org.apache.hadoop.hbase.shaded.protobuf.generated.ClientProtos.CoprocessorServiceResponse>)"
"--large-name196--","removeRSGroup(com.google.protobuf.RpcController,org.apache.hadoop.hbase.protobuf.generated.RSGroupAdminProtos.RemoveRSGroupRequest,com.google.protobuf.RpcCallback<org.apache.hadoop.hbase.protobuf.generated.RSGroupAdminProtos.RemoveRSGroupResponse>)"
"--large-name85--","getUserPermissions(com.google.protobuf.RpcController,org.apache.hadoop.hbase.protobuf.generated.AccessControlProtos.UserPermissionsRequest,com.google.protobuf.RpcCallback<org.apache.hadoop.hbase.protobuf.generated.AccessControlProtos.UserPermissionsResponse>)"
"--large-name211--","getServerInfo(org.apache.hadoop.hbase.shaded.com.google.protobuf.RpcController,org.apache.hadoop.hbase.shaded.protobuf.generated.AdminProtos.GetServerInfoRequest,org.apache.hadoop.hbase.shaded.com.google.protobuf.RpcCallback<org.apache.hadoop.hbase.shaded.protobuf.generated.AdminProtos.GetServerInfoResponse>)"
"--large-name256--","getSecurityCapabilities(org.apache.hadoop.hbase.shaded.com.google.protobuf.RpcController,org.apache.hadoop.hbase.shaded.protobuf.generated.MasterProtos.SecurityCapabilitiesRequest,org.apache.hadoop.hbase.shaded.com.google.protobuf.RpcCallback<org.apache.hadoop.hbase.shaded.protobuf.generated.MasterProtos.SecurityCapabilitiesResponse>)"
"--large-name222--","warmupRegion(org.apache.hadoop.hbase.shaded.com.google.protobuf.RpcController,org.apache.hadoop.hbase.shaded.protobuf.generated.AdminProtos.WarmupRegionRequest,org.apache.hadoop.hbase.shaded.com.google.protobuf.RpcCallback<org.apache.hadoop.hbase.shaded.protobuf.generated.AdminProtos.WarmupRegionResponse>)"
"--large-name255--","getSchemaAlterStatus(org.apache.hadoop.hbase.shaded.com.google.protobuf.RpcController,org.apache.hadoop.hbase.shaded.protobuf.generated.MasterProtos.GetSchemaAlterStatusRequest,org.apache.hadoop.hbase.shaded.com.google.protobuf.RpcCallback<org.apache.hadoop.hbase.shaded.protobuf.generated.MasterProtos.GetSchemaAlterStatusResponse>)"
"--large-name237--","createTable(org.apache.hadoop.hbase.shaded.com.google.protobuf.RpcController,org.apache.hadoop.hbase.shaded.protobuf.generated.MasterProtos.CreateTableRequest,org.apache.hadoop.hbase.shaded.com.google.protobuf.RpcCallback<org.apache.hadoop.hbase.shaded.protobuf.generated.MasterProtos.CreateTableResponse>)"
"--large-name68--","assignRegion(com.google.protobuf.RpcController,org.apache.hadoop.hbase.protobuf.generated.MasterAdminProtos.AssignRegionRequest,com.google.protobuf.RpcCallback<org.apache.hadoop.hbase.protobuf.generated.MasterAdminProtos.AssignRegionResponse>)"
"--large-name28--","getRowWithColumnsTs_call(ByteBuffer,ByteBuffer,List<ByteBuffer>,long,Map<ByteBuffer,ByteBuffer>,org.apache.thrift.async.AsyncMethodCallback<getRowWithColumnsTs_call>,org.apache.thrift.async.TAsyncClient,org.apache.thrift.protocol.TProtocolFactory,org.apache.thrift.transport.TNonblockingTransport)"
"--large-name278--","restoreSnapshot(org.apache.hadoop.hbase.shaded.com.google.protobuf.RpcController,org.apache.hadoop.hbase.shaded.protobuf.generated.MasterProtos.RestoreSnapshotRequest,org.apache.hadoop.hbase.shaded.com.google.protobuf.RpcCallback<org.apache.hadoop.hbase.shaded.protobuf.generated.MasterProtos.RestoreSnapshotResponse>)"
"--large-name191--","getRSGroupInfo(com.google.protobuf.RpcController,org.apache.hadoop.hbase.protobuf.generated.RSGroupAdminProtos.GetRSGroupInfoRequest,com.google.protobuf.RpcCallback<org.apache.hadoop.hbase.protobuf.generated.RSGroupAdminProtos.GetRSGroupInfoResponse>)"
"--large-name281--","setNormalizerRunning(org.apache.hadoop.hbase.shaded.com.google.protobuf.RpcController,org.apache.hadoop.hbase.shaded.protobuf.generated.MasterProtos.SetNormalizerRunningRequest,org.apache.hadoop.hbase.shaded.com.google.protobuf.RpcCallback<org.apache.hadoop.hbase.shaded.protobuf.generated.MasterProtos.SetNormalizerRunningResponse>)"
"--large-name146--","getLastMajorCompactionTimestamp(com.google.protobuf.RpcController,org.apache.hadoop.hbase.protobuf.generated.MasterProtos.MajorCompactionTimestampRequest,com.google.protobuf.RpcCallback<org.apache.hadoop.hbase.protobuf.generated.MasterProtos.MajorCompactionTimestampResponse>)"
"--large-name144--","updateConfiguration(com.google.protobuf.RpcController,org.apache.hadoop.hbase.protobuf.generated.AdminProtos.UpdateConfigurationRequest,com.google.protobuf.RpcCallback<org.apache.hadoop.hbase.protobuf.generated.AdminProtos.UpdateConfigurationResponse>)"
"--large-name183--","sum(com.google.protobuf.RpcController,org.apache.hadoop.hbase.coprocessor.protobuf.generated.ColumnAggregationWithErrorsProtos.ColumnAggregationWithErrorsSumRequest,com.google.protobuf.RpcCallback<org.apache.hadoop.hbase.coprocessor.protobuf.generated.ColumnAggregationWithErrorsProtos.ColumnAggregationWithErrorsSumResponse>)"
"--large-name267--","isSplitOrMergeEnabled(org.apache.hadoop.hbase.shaded.com.google.protobuf.RpcController,org.apache.hadoop.hbase.shaded.protobuf.generated.MasterProtos.IsSplitOrMergeEnabledRequest,org.apache.hadoop.hbase.shaded.com.google.protobuf.RpcCallback<org.apache.hadoop.hbase.shaded.protobuf.generated.MasterProtos.IsSplitOrMergeEnabledResponse>)"
"--large-name118--","createNamespace(com.google.protobuf.RpcController,org.apache.hadoop.hbase.protobuf.generated.MasterProtos.CreateNamespaceRequest,com.google.protobuf.RpcCallback<org.apache.hadoop.hbase.protobuf.generated.MasterProtos.CreateNamespaceResponse>)"
"--large-name262--","isMasterInMaintenanceMode(org.apache.hadoop.hbase.shaded.com.google.protobuf.RpcController,org.apache.hadoop.hbase.shaded.protobuf.generated.MasterProtos.IsInMaintenanceModeRequest,org.apache.hadoop.hbase.shaded.com.google.protobuf.RpcCallback<org.apache.hadoop.hbase.shaded.protobuf.generated.MasterProtos.IsInMaintenanceModeResponse>)"
"--large-name289--","getLastFlushedSequenceId(org.apache.hadoop.hbase.shaded.com.google.protobuf.RpcController,org.apache.hadoop.hbase.shaded.protobuf.generated.RegionServerStatusProtos.GetLastFlushedSequenceIdRequest,org.apache.hadoop.hbase.shaded.com.google.protobuf.RpcCallback<org.apache.hadoop.hbase.shaded.protobuf.generated.RegionServerStatusProtos.GetLastFlushedSequenceIdResponse>)"
"--large-name238--","deleteColumn(org.apache.hadoop.hbase.shaded.com.google.protobuf.RpcController,org.apache.hadoop.hbase.shaded.protobuf.generated.MasterProtos.DeleteColumnRequest,org.apache.hadoop.hbase.shaded.com.google.protobuf.RpcCallback<org.apache.hadoop.hbase.shaded.protobuf.generated.MasterProtos.DeleteColumnResponse>)"
"--large-name167--","getRows_call(ByteBuffer,List<ByteBuffer>,Map<ByteBuffer,ByteBuffer>,org.apache.thrift.async.AsyncMethodCallback,org.apache.thrift.async.TAsyncClient,org.apache.thrift.protocol.TProtocolFactory,org.apache.thrift.transport.TNonblockingTransport)"
"--large-name72--","offlineRegion(com.google.protobuf.RpcController,org.apache.hadoop.hbase.protobuf.generated.MasterAdminProtos.OfflineRegionRequest,com.google.protobuf.RpcCallback<org.apache.hadoop.hbase.protobuf.generated.MasterAdminProtos.OfflineRegionResponse>)"
"--large-name231--","scan(org.apache.hadoop.hbase.shaded.com.google.protobuf.RpcController,org.apache.hadoop.hbase.shaded.protobuf.generated.ClientProtos.ScanRequest,org.apache.hadoop.hbase.shaded.com.google.protobuf.RpcCallback<org.apache.hadoop.hbase.shaded.protobuf.generated.ClientProtos.ScanResponse>)"
"--large-name123--","getNamespaceDescriptor(com.google.protobuf.RpcController,org.apache.hadoop.hbase.protobuf.generated.MasterProtos.GetNamespaceDescriptorRequest,com.google.protobuf.RpcCallback<org.apache.hadoop.hbase.protobuf.generated.MasterProtos.GetNamespaceDescriptorResponse>)"
"--large-name272--","modifyColumn(org.apache.hadoop.hbase.shaded.com.google.protobuf.RpcController,org.apache.hadoop.hbase.shaded.protobuf.generated.MasterProtos.ModifyColumnRequest,org.apache.hadoop.hbase.shaded.com.google.protobuf.RpcCallback<org.apache.hadoop.hbase.shaded.protobuf.generated.MasterProtos.ModifyColumnResponse>)"
"--large-name92--","cleanupBulkLoad(com.google.protobuf.RpcController,org.apache.hadoop.hbase.protobuf.generated.SecureBulkLoadProtos.CleanupBulkLoadRequest,com.google.protobuf.RpcCallback<org.apache.hadoop.hbase.protobuf.generated.SecureBulkLoadProtos.CleanupBulkLoadResponse>)"
"--large-name180--","scannerOpen_call(ByteBuffer,ByteBuffer,List<ByteBuffer>,Map<ByteBuffer,ByteBuffer>,org.apache.thrift.async.AsyncMethodCallback,org.apache.thrift.async.TAsyncClient,org.apache.thrift.protocol.TProtocolFactory,org.apache.thrift.transport.TNonblockingTransport)"
"--large-name62--","reportRSFatalError(com.google.protobuf.RpcController,org.apache.hadoop.hbase.protobuf.generated.RegionServerStatusProtos.ReportRSFatalErrorRequest,com.google.protobuf.RpcCallback<org.apache.hadoop.hbase.protobuf.generated.RegionServerStatusProtos.ReportRSFatalErrorResponse>)"
"--large-name174--","mutateRows_call(ByteBuffer,List<BatchMutation>,Map<ByteBuffer,ByteBuffer>,org.apache.thrift.async.AsyncMethodCallback,org.apache.thrift.async.TAsyncClient,org.apache.thrift.protocol.TProtocolFactory,org.apache.thrift.transport.TNonblockingTransport)"
"--large-name93--","prepareBulkLoad(com.google.protobuf.RpcController,org.apache.hadoop.hbase.protobuf.generated.SecureBulkLoadProtos.PrepareBulkLoadRequest,com.google.protobuf.RpcCallback<org.apache.hadoop.hbase.protobuf.generated.SecureBulkLoadProtos.PrepareBulkLoadResponse>)"
"--large-name145--","listLabels(com.google.protobuf.RpcController,org.apache.hadoop.hbase.protobuf.generated.VisibilityLabelsProtos.ListLabelsRequest,com.google.protobuf.RpcCallback<org.apache.hadoop.hbase.protobuf.generated.VisibilityLabelsProtos.ListLabelsResponse>)"
"--large-name186--","isSplitOrMergeEnabled(com.google.protobuf.RpcController,org.apache.hadoop.hbase.protobuf.generated.MasterProtos.IsSplitOrMergeEnabledRequest,com.google.protobuf.RpcCallback<org.apache.hadoop.hbase.protobuf.generated.MasterProtos.IsSplitOrMergeEnabledResponse>)"
"--large-name97--","listSnapshots(com.google.protobuf.RpcController,org.apache.hadoop.hbase.protobuf.generated.MasterAdminProtos.ListSnapshotRequest,com.google.protobuf.RpcCallback<org.apache.hadoop.hbase.protobuf.generated.MasterAdminProtos.ListSnapshotResponse>)"
"--large-name14--","scannerOpenWithPrefix_call(ByteBuffer,ByteBuffer,List<ByteBuffer>,org.apache.thrift.async.AsyncMethodCallback<scannerOpenWithPrefix_call>,org.apache.thrift.async.TAsyncClient,org.apache.thrift.protocol.TProtocolFactory,org.apache.thrift.transport.TNonblockingTransport)"
"--large-name67--","getClusterStatus(com.google.protobuf.RpcController,org.apache.hadoop.hbase.protobuf.generated.MasterProtos.GetClusterStatusRequest,com.google.protobuf.RpcCallback<org.apache.hadoop.hbase.protobuf.generated.MasterProtos.GetClusterStatusResponse>)"
"--large-name248--","execProcedureWithRet(org.apache.hadoop.hbase.shaded.com.google.protobuf.RpcController,org.apache.hadoop.hbase.shaded.protobuf.generated.MasterProtos.ExecProcedureRequest,org.apache.hadoop.hbase.shaded.com.google.protobuf.RpcCallback<org.apache.hadoop.hbase.shaded.protobuf.generated.MasterProtos.ExecProcedureResponse>)"
"--large-name101--","dispatchMergingRegions(com.google.protobuf.RpcController,org.apache.hadoop.hbase.protobuf.generated.MasterAdminProtos.DispatchMergingRegionsRequest,com.google.protobuf.RpcCallback<org.apache.hadoop.hbase.protobuf.generated.MasterAdminProtos.DispatchMergingRegionsResponse>)"
"--large-name171--","mutateRowTs_call(ByteBuffer,ByteBuffer,List<Mutation>,long,Map<ByteBuffer,ByteBuffer>,org.apache.thrift.async.AsyncMethodCallback,org.apache.thrift.async.TAsyncClient,org.apache.thrift.protocol.TProtocolFactory,org.apache.thrift.transport.TNonblockingTransport)"
"--large-name40--","mutateRowsTs_call(ByteBuffer,List<BatchMutation>,long,Map<ByteBuffer,ByteBuffer>,org.apache.thrift.async.AsyncMethodCallback<mutateRowsTs_call>,org.apache.thrift.async.TAsyncClient,org.apache.thrift.protocol.TProtocolFactory,org.apache.thrift.transport.TNonblockingTransport)"
"--large-name10--","mutateRowTs_call(ByteBuffer,ByteBuffer,List<Mutation>,long,org.apache.thrift.async.AsyncMethodCallback<mutateRowTs_call>,org.apache.thrift.async.TAsyncClient,org.apache.thrift.protocol.TProtocolFactory,org.apache.thrift.transport.TNonblockingTransport)"
"--large-name122--","getCompletedSnapshots(com.google.protobuf.RpcController,org.apache.hadoop.hbase.protobuf.generated.MasterProtos.GetCompletedSnapshotsRequest,com.google.protobuf.RpcCallback<org.apache.hadoop.hbase.protobuf.generated.MasterProtos.GetCompletedSnapshotsResponse>)"
"--large-name31--","getRowsTs_call(ByteBuffer,List<ByteBuffer>,long,Map<ByteBuffer,ByteBuffer>,org.apache.thrift.async.AsyncMethodCallback<getRowsTs_call>,org.apache.thrift.async.TAsyncClient,org.apache.thrift.protocol.TProtocolFactory,org.apache.thrift.transport.TNonblockingTransport)"
"--large-name11--","mutateRow_call(ByteBuffer,ByteBuffer,List<Mutation>,org.apache.thrift.async.AsyncMethodCallback<mutateRow_call>,org.apache.thrift.async.TAsyncClient,org.apache.thrift.protocol.TProtocolFactory,org.apache.thrift.transport.TNonblockingTransport)"
"--large-name42--","scannerOpenTs_call(ByteBuffer,ByteBuffer,List<ByteBuffer>,long,Map<ByteBuffer,ByteBuffer>,org.apache.thrift.async.AsyncMethodCallback<scannerOpenTs_call>,org.apache.thrift.async.TAsyncClient,org.apache.thrift.protocol.TProtocolFactory,org.apache.thrift.transport.TNonblockingTransport)"
"--large-name155--","setNormalizerRunning(com.google.protobuf.RpcController,org.apache.hadoop.hbase.protobuf.generated.MasterProtos.SetNormalizerRunningRequest,com.google.protobuf.RpcCallback<org.apache.hadoop.hbase.protobuf.generated.MasterProtos.SetNormalizerRunningResponse>)"
"--large-name54--","rollWALWriter(com.google.protobuf.RpcController,org.apache.hadoop.hbase.protobuf.generated.RegionAdminProtos.RollWALWriterRequest,com.google.protobuf.RpcCallback<org.apache.hadoop.hbase.protobuf.generated.RegionAdminProtos.RollWALWriterResponse>)"
"--large-name147--","getLastMajorCompactionTimestampForRegion(com.google.protobuf.RpcController,org.apache.hadoop.hbase.protobuf.generated.MasterProtos.MajorCompactionTimestampForRegionRequest,com.google.protobuf.RpcCallback<org.apache.hadoop.hbase.protobuf.generated.MasterProtos.MajorCompactionTimestampResponse>)"
"--large-name173--","mutateRowsTs_call(ByteBuffer,List<BatchMutation>,long,Map<ByteBuffer,ByteBuffer>,org.apache.thrift.async.AsyncMethodCallback,org.apache.thrift.async.TAsyncClient,org.apache.thrift.protocol.TProtocolFactory,org.apache.thrift.transport.TNonblockingTransport)"
"--large-name192--","getRSGroupInfoOfServer(com.google.protobuf.RpcController,org.apache.hadoop.hbase.protobuf.generated.RSGroupAdminProtos.GetRSGroupInfoOfServerRequest,com.google.protobuf.RpcCallback<org.apache.hadoop.hbase.protobuf.generated.RSGroupAdminProtos.GetRSGroupInfoOfServerResponse>)"
"--large-name290--","regionServerReport(org.apache.hadoop.hbase.shaded.com.google.protobuf.RpcController,org.apache.hadoop.hbase.shaded.protobuf.generated.RegionServerStatusProtos.RegionServerReportRequest,org.apache.hadoop.hbase.shaded.com.google.protobuf.RpcCallback<org.apache.hadoop.hbase.shaded.protobuf.generated.RegionServerStatusProtos.RegionServerReportResponse>)"
"--large-name247--","execProcedure(org.apache.hadoop.hbase.shaded.com.google.protobuf.RpcController,org.apache.hadoop.hbase.shaded.protobuf.generated.MasterProtos.ExecProcedureRequest,org.apache.hadoop.hbase.shaded.com.google.protobuf.RpcCallback<org.apache.hadoop.hbase.shaded.protobuf.generated.MasterProtos.ExecProcedureResponse>)"
"--large-name293--","reportRegionStateTransition(org.apache.hadoop.hbase.shaded.com.google.protobuf.RpcController,org.apache.hadoop.hbase.shaded.protobuf.generated.RegionServerStatusProtos.ReportRegionStateTransitionRequest,org.apache.hadoop.hbase.shaded.com.google.protobuf.RpcCallback<org.apache.hadoop.hbase.shaded.protobuf.generated.RegionServerStatusProtos.ReportRegionStateTransitionResponse>)"
"--large-name160--","deleteAll_call(ByteBuffer,ByteBuffer,ByteBuffer,Map<ByteBuffer,ByteBuffer>,org.apache.thrift.async.AsyncMethodCallback,org.apache.thrift.async.TAsyncClient,org.apache.thrift.protocol.TProtocolFactory,org.apache.thrift.transport.TNonblockingTransport)"
"--large-name288--","unassignRegion(org.apache.hadoop.hbase.shaded.com.google.protobuf.RpcController,org.apache.hadoop.hbase.shaded.protobuf.generated.MasterProtos.UnassignRegionRequest,org.apache.hadoop.hbase.shaded.com.google.protobuf.RpcCallback<org.apache.hadoop.hbase.shaded.protobuf.generated.MasterProtos.UnassignRegionResponse>)"
"--large-name127--","listTableDescriptorsByNamespace(com.google.protobuf.RpcController,org.apache.hadoop.hbase.protobuf.generated.MasterProtos.ListTableDescriptorsByNamespaceRequest,com.google.protobuf.RpcCallback<org.apache.hadoop.hbase.protobuf.generated.MasterProtos.ListTableDescriptorsByNamespaceResponse>)"
"--large-name2--","createTable_call(ByteBuffer,List<ColumnDescriptor>,org.apache.thrift.async.AsyncMethodCallback<createTable_call>,org.apache.thrift.async.TAsyncClient,org.apache.thrift.protocol.TProtocolFactory,org.apache.thrift.transport.TNonblockingTransport)"
"--large-name24--","deleteAllRow_call(ByteBuffer,ByteBuffer,Map<ByteBuffer,ByteBuffer>,org.apache.thrift.async.AsyncMethodCallback<deleteAllRow_call>,org.apache.thrift.async.TAsyncClient,org.apache.thrift.protocol.TProtocolFactory,org.apache.thrift.transport.TNonblockingTransport)"
"--large-name111--","getTableNames(com.google.protobuf.RpcController,org.apache.hadoop.hbase.protobuf.generated.MasterMonitorProtos.GetTableNamesRequest,com.google.protobuf.RpcCallback<org.apache.hadoop.hbase.protobuf.generated.MasterMonitorProtos.GetTableNamesResponse>)"
"--large-name199--","isMasterInMaintenanceMode(com.google.protobuf.RpcController,org.apache.hadoop.hbase.protobuf.generated.MasterProtos.IsInMaintenanceModeRequest,com.google.protobuf.RpcCallback<org.apache.hadoop.hbase.protobuf.generated.MasterProtos.IsInMaintenanceModeResponse>)"
"--large-name153--","getSecurityCapabilities(com.google.protobuf.RpcController,org.apache.hadoop.hbase.protobuf.generated.MasterProtos.SecurityCapabilitiesRequest,com.google.protobuf.RpcCallback<org.apache.hadoop.hbase.protobuf.generated.MasterProtos.SecurityCapabilitiesResponse>)"
"--large-name176--","scannerOpenWithPrefix_call(ByteBuffer,ByteBuffer,List<ByteBuffer>,Map<ByteBuffer,ByteBuffer>,org.apache.thrift.async.AsyncMethodCallback,org.apache.thrift.async.TAsyncClient,org.apache.thrift.protocol.TProtocolFactory,org.apache.thrift.transport.TNonblockingTransport)"
"--large-name239--","deleteNamespace(org.apache.hadoop.hbase.shaded.com.google.protobuf.RpcController,org.apache.hadoop.hbase.shaded.protobuf.generated.MasterProtos.DeleteNamespaceRequest,org.apache.hadoop.hbase.shaded.com.google.protobuf.RpcCallback<org.apache.hadoop.hbase.shaded.protobuf.generated.MasterProtos.DeleteNamespaceResponse>)"
"--large-name124--","isCatalogJanitorEnabled(com.google.protobuf.RpcController,org.apache.hadoop.hbase.protobuf.generated.MasterProtos.IsCatalogJanitorEnabledRequest,com.google.protobuf.RpcCallback<org.apache.hadoop.hbase.protobuf.generated.MasterProtos.IsCatalogJanitorEnabledResponse>)"
"--large-name50--","getRegionInfo(com.google.protobuf.RpcController,org.apache.hadoop.hbase.protobuf.generated.RegionAdminProtos.GetRegionInfoRequest,com.google.protobuf.RpcCallback<org.apache.hadoop.hbase.protobuf.generated.RegionAdminProtos.GetRegionInfoResponse>)"
"--large-name63--","isMasterRunning(com.google.protobuf.RpcController,org.apache.hadoop.hbase.protobuf.generated.MasterProtos.IsMasterRunningRequest,com.google.protobuf.RpcCallback<org.apache.hadoop.hbase.protobuf.generated.MasterProtos.IsMasterRunningResponse>)"
"--large-name165--","getRowsWithColumnsTs_call(ByteBuffer,List<ByteBuffer>,List<ByteBuffer>,long,Map<ByteBuffer,ByteBuffer>,org.apache.thrift.async.AsyncMethodCallback,org.apache.thrift.async.TAsyncClient,org.apache.thrift.protocol.TProtocolFactory,org.apache.thrift.transport.TNonblockingTransport)"
"--large-name253--","getNamespaceDescriptor(org.apache.hadoop.hbase.shaded.com.google.protobuf.RpcController,org.apache.hadoop.hbase.shaded.protobuf.generated.MasterProtos.GetNamespaceDescriptorRequest,org.apache.hadoop.hbase.shaded.com.google.protobuf.RpcCallback<org.apache.hadoop.hbase.shaded.protobuf.generated.MasterProtos.GetNamespaceDescriptorResponse>)"
"--large-name200--","addr(org.apache.hadoop.hbase.shaded.com.google.protobuf.RpcController,org.apache.hadoop.hbase.shaded.ipc.protobuf.generated.TestProtos.EmptyRequestProto,org.apache.hadoop.hbase.shaded.com.google.protobuf.RpcCallback<org.apache.hadoop.hbase.shaded.ipc.protobuf.generated.TestProtos.AddrResponseProto>)"
"--large-name280--","setBalancerRunning(org.apache.hadoop.hbase.shaded.com.google.protobuf.RpcController,org.apache.hadoop.hbase.shaded.protobuf.generated.MasterProtos.SetBalancerRunningRequest,org.apache.hadoop.hbase.shaded.com.google.protobuf.RpcCallback<org.apache.hadoop.hbase.shaded.protobuf.generated.MasterProtos.SetBalancerRunningResponse>)"
"--large-name77--","getTableDescriptors(com.google.protobuf.RpcController,org.apache.hadoop.hbase.protobuf.generated.MasterMonitorProtos.GetTableDescriptorsRequest,com.google.protobuf.RpcCallback<org.apache.hadoop.hbase.protobuf.generated.MasterMonitorProtos.GetTableDescriptorsResponse>)"
"--large-name170--","get_call(ByteBuffer,ByteBuffer,ByteBuffer,Map<ByteBuffer,ByteBuffer>,org.apache.thrift.async.AsyncMethodCallback,org.apache.thrift.async.TAsyncClient,org.apache.thrift.protocol.TProtocolFactory,org.apache.thrift.transport.TNonblockingTransport)"
"--large-name258--","getTableNames(org.apache.hadoop.hbase.shaded.com.google.protobuf.RpcController,org.apache.hadoop.hbase.shaded.protobuf.generated.MasterProtos.GetTableNamesRequest,org.apache.hadoop.hbase.shaded.com.google.protobuf.RpcCallback<org.apache.hadoop.hbase.shaded.protobuf.generated.MasterProtos.GetTableNamesResponse>)"
"--large-name56--","execCoprocessor(com.google.protobuf.RpcController,org.apache.hadoop.hbase.protobuf.generated.RegionClientProtos.ExecCoprocessorRequest,com.google.protobuf.RpcCallback<org.apache.hadoop.hbase.protobuf.generated.RegionClientProtos.ExecCoprocessorResponse>)"
"--large-name240--","deleteSnapshot(org.apache.hadoop.hbase.shaded.com.google.protobuf.RpcController,org.apache.hadoop.hbase.shaded.protobuf.generated.MasterProtos.DeleteSnapshotRequest,org.apache.hadoop.hbase.shaded.com.google.protobuf.RpcCallback<org.apache.hadoop.hbase.shaded.protobuf.generated.MasterProtos.DeleteSnapshotResponse>)"
"--large-name4--","deleteAllTs_call(ByteBuffer,ByteBuffer,ByteBuffer,long,org.apache.thrift.async.AsyncMethodCallback<deleteAllTs_call>,org.apache.thrift.async.TAsyncClient,org.apache.thrift.protocol.TProtocolFactory,org.apache.thrift.transport.TNonblockingTransport)"
"--large-name230--","prepareBulkLoad(org.apache.hadoop.hbase.shaded.com.google.protobuf.RpcController,org.apache.hadoop.hbase.shaded.protobuf.generated.ClientProtos.PrepareBulkLoadRequest,org.apache.hadoop.hbase.shaded.com.google.protobuf.RpcCallback<org.apache.hadoop.hbase.shaded.protobuf.generated.ClientProtos.PrepareBulkLoadResponse>)"
"--large-name23--","deleteAllRowTs_call(ByteBuffer,ByteBuffer,long,Map<ByteBuffer,ByteBuffer>,org.apache.thrift.async.AsyncMethodCallback<deleteAllRowTs_call>,org.apache.thrift.async.TAsyncClient,org.apache.thrift.protocol.TProtocolFactory,org.apache.thrift.transport.TNonblockingTransport)"
"--large-name39--","mutateRow_call(ByteBuffer,ByteBuffer,List<Mutation>,Map<ByteBuffer,ByteBuffer>,org.apache.thrift.async.AsyncMethodCallback<mutateRow_call>,org.apache.thrift.async.TAsyncClient,org.apache.thrift.protocol.TProtocolFactory,org.apache.thrift.transport.TNonblockingTransport)"
"--large-name201--","echo(org.apache.hadoop.hbase.shaded.com.google.protobuf.RpcController,org.apache.hadoop.hbase.shaded.ipc.protobuf.generated.TestProtos.EchoRequestProto,org.apache.hadoop.hbase.shaded.com.google.protobuf.RpcCallback<org.apache.hadoop.hbase.shaded.ipc.protobuf.generated.TestProtos.EchoResponseProto>)"
"--large-name133--","getAuths(com.google.protobuf.RpcController,org.apache.hadoop.hbase.protobuf.generated.VisibilityLabelsProtos.GetAuthsRequest,com.google.protobuf.RpcCallback<org.apache.hadoop.hbase.protobuf.generated.VisibilityLabelsProtos.GetAuthsResponse>)"
"--large-name38--","mutateRowTs_call(ByteBuffer,ByteBuffer,List<Mutation>,long,Map<ByteBuffer,ByteBuffer>,org.apache.thrift.async.AsyncMethodCallback<mutateRowTs_call>,org.apache.thrift.async.TAsyncClient,org.apache.thrift.protocol.TProtocolFactory,org.apache.thrift.transport.TNonblockingTransport)"
"--large-name277--","offlineRegion(org.apache.hadoop.hbase.shaded.com.google.protobuf.RpcController,org.apache.hadoop.hbase.shaded.protobuf.generated.MasterProtos.OfflineRegionRequest,org.apache.hadoop.hbase.shaded.com.google.protobuf.RpcCallback<org.apache.hadoop.hbase.shaded.protobuf.generated.MasterProtos.OfflineRegionResponse>)"
"--large-name141--","reportRegionStateTransition(com.google.protobuf.RpcController,org.apache.hadoop.hbase.protobuf.generated.RegionServerStatusProtos.ReportRegionStateTransitionRequest,com.google.protobuf.RpcCallback<org.apache.hadoop.hbase.protobuf.generated.RegionServerStatusProtos.ReportRegionStateTransitionResponse>)"
"--large-name276--","normalize(org.apache.hadoop.hbase.shaded.com.google.protobuf.RpcController,org.apache.hadoop.hbase.shaded.protobuf.generated.MasterProtos.NormalizeRequest,org.apache.hadoop.hbase.shaded.com.google.protobuf.RpcCallback<org.apache.hadoop.hbase.shaded.protobuf.generated.MasterProtos.NormalizeResponse>)"
"--large-name137--","sum(com.google.protobuf.RpcController,org.apache.hadoop.hbase.coprocessor.protobuf.generated.ColumnAggregationWithNullResponseProtos.SumRequest,com.google.protobuf.RpcCallback<org.apache.hadoop.hbase.coprocessor.protobuf.generated.ColumnAggregationWithNullResponseProtos.SumResponse>)"
"--large-name271--","listTableNamesByNamespace(org.apache.hadoop.hbase.shaded.com.google.protobuf.RpcController,org.apache.hadoop.hbase.shaded.protobuf.generated.MasterProtos.ListTableNamesByNamespaceRequest,org.apache.hadoop.hbase.shaded.com.google.protobuf.RpcCallback<org.apache.hadoop.hbase.shaded.protobuf.generated.MasterProtos.ListTableNamesByNamespaceResponse>)"
"--large-name292--","reportRSFatalError(org.apache.hadoop.hbase.shaded.com.google.protobuf.RpcController,org.apache.hadoop.hbase.shaded.protobuf.generated.RegionServerStatusProtos.ReportRSFatalErrorRequest,org.apache.hadoop.hbase.shaded.com.google.protobuf.RpcCallback<org.apache.hadoop.hbase.shaded.protobuf.generated.RegionServerStatusProtos.ReportRSFatalErrorResponse>)"
"--large-name107--","listNamespaceDescriptors(com.google.protobuf.RpcController,org.apache.hadoop.hbase.protobuf.generated.MasterAdminProtos.ListNamespaceDescriptorsRequest,com.google.protobuf.RpcCallback<org.apache.hadoop.hbase.protobuf.generated.MasterAdminProtos.ListNamespaceDescriptorsResponse>)"
"--large-name70--","disableTable(com.google.protobuf.RpcController,org.apache.hadoop.hbase.protobuf.generated.MasterAdminProtos.DisableTableRequest,com.google.protobuf.RpcCallback<org.apache.hadoop.hbase.protobuf.generated.MasterAdminProtos.DisableTableResponse>)"
"--large-name188--","releaseSplitOrMergeLockAndRollback(com.google.protobuf.RpcController,org.apache.hadoop.hbase.protobuf.generated.MasterProtos.ReleaseSplitOrMergeLockAndRollbackRequest,com.google.protobuf.RpcCallback<org.apache.hadoop.hbase.protobuf.generated.MasterProtos.ReleaseSplitOrMergeLockAndRollbackResponse>)"
"--large-name270--","listTableDescriptorsByNamespace(org.apache.hadoop.hbase.shaded.com.google.protobuf.RpcController,org.apache.hadoop.hbase.shaded.protobuf.generated.MasterProtos.ListTableDescriptorsByNamespaceRequest,org.apache.hadoop.hbase.shaded.com.google.protobuf.RpcCallback<org.apache.hadoop.hbase.shaded.protobuf.generated.MasterProtos.ListTableDescriptorsByNamespaceResponse>)"
"--large-name32--","getRowsWithColumnsTs_call(ByteBuffer,List<ByteBuffer>,List<ByteBuffer>,long,Map<ByteBuffer,ByteBuffer>,org.apache.thrift.async.AsyncMethodCallback<getRowsWithColumnsTs_call>,org.apache.thrift.async.TAsyncClient,org.apache.thrift.protocol.TProtocolFactory,org.apache.thrift.transport.TNonblockingTransport)"
"--large-name189--","updateMasterConfiguration(com.google.protobuf.RpcController,org.apache.hadoop.hbase.protobuf.generated.MasterProtos.UpdateMasterConfigurationRequest,com.google.protobuf.RpcCallback<org.apache.hadoop.hbase.protobuf.generated.MasterProtos.UpdateMasterConfigurationResponse>)"
"--large-name154--","isNormalizerEnabled(com.google.protobuf.RpcController,org.apache.hadoop.hbase.protobuf.generated.MasterProtos.IsNormalizerEnabledRequest,com.google.protobuf.RpcCallback<org.apache.hadoop.hbase.protobuf.generated.MasterProtos.IsNormalizerEnabledResponse>)"
"--large-name235--","balance(org.apache.hadoop.hbase.shaded.com.google.protobuf.RpcController,org.apache.hadoop.hbase.shaded.protobuf.generated.MasterProtos.BalanceRequest,org.apache.hadoop.hbase.shaded.com.google.protobuf.RpcCallback<org.apache.hadoop.hbase.shaded.protobuf.generated.MasterProtos.BalanceResponse>)"
"--large-name80--","runCatalogScan(com.google.protobuf.RpcController,org.apache.hadoop.hbase.protobuf.generated.MasterAdminProtos.CatalogScanRequest,com.google.protobuf.RpcCallback<org.apache.hadoop.hbase.protobuf.generated.MasterAdminProtos.CatalogScanResponse>)"
"--large-name25--","deleteAllTs_call(ByteBuffer,ByteBuffer,ByteBuffer,long,Map<ByteBuffer,ByteBuffer>,org.apache.thrift.async.AsyncMethodCallback<deleteAllTs_call>,org.apache.thrift.async.TAsyncClient,org.apache.thrift.protocol.TProtocolFactory,org.apache.thrift.transport.TNonblockingTransport)"
"--large-name1--","atomicIncrement_call(ByteBuffer,ByteBuffer,ByteBuffer,long,org.apache.thrift.async.AsyncMethodCallback<atomicIncrement_call>,org.apache.thrift.async.TAsyncClient,org.apache.thrift.protocol.TProtocolFactory,org.apache.thrift.transport.TNonblockingTransport)"
"--large-name202--","error(org.apache.hadoop.hbase.shaded.com.google.protobuf.RpcController,org.apache.hadoop.hbase.shaded.ipc.protobuf.generated.TestProtos.EmptyRequestProto,org.apache.hadoop.hbase.shaded.com.google.protobuf.RpcCallback<org.apache.hadoop.hbase.shaded.ipc.protobuf.generated.TestProtos.EmptyResponseProto>)"
"--large-name217--","rollWALWriter(org.apache.hadoop.hbase.shaded.com.google.protobuf.RpcController,org.apache.hadoop.hbase.shaded.protobuf.generated.AdminProtos.RollWALWriterRequest,org.apache.hadoop.hbase.shaded.com.google.protobuf.RpcCallback<org.apache.hadoop.hbase.shaded.protobuf.generated.AdminProtos.RollWALWriterResponse>)"
"--large-name18--","scannerOpenWithScan_call(ByteBuffer,TScan,org.apache.thrift.async.AsyncMethodCallback<scannerOpenWithScan_call>,org.apache.thrift.async.TAsyncClient,org.apache.thrift.protocol.TProtocolFactory,org.apache.thrift.transport.TNonblockingTransport)"
"--large-name150--","getAllRegionLocations_call(ByteBuffer,org.apache.thrift.async.AsyncMethodCallback<getAllRegionLocations_call>,org.apache.thrift.async.TAsyncClient,org.apache.thrift.protocol.TProtocolFactory,org.apache.thrift.transport.TNonblockingTransport)"
"--large-name73--","setBalancerRunning(com.google.protobuf.RpcController,org.apache.hadoop.hbase.protobuf.generated.MasterAdminProtos.SetBalancerRunningRequest,com.google.protobuf.RpcCallback<org.apache.hadoop.hbase.protobuf.generated.MasterAdminProtos.SetBalancerRunningResponse>)"
"--large-name121--","enableCatalogJanitor(com.google.protobuf.RpcController,org.apache.hadoop.hbase.protobuf.generated.MasterProtos.EnableCatalogJanitorRequest,com.google.protobuf.RpcCallback<org.apache.hadoop.hbase.protobuf.generated.MasterProtos.EnableCatalogJanitorResponse>)"
"--large-name244--","enableCatalogJanitor(org.apache.hadoop.hbase.shaded.com.google.protobuf.RpcController,org.apache.hadoop.hbase.shaded.protobuf.generated.MasterProtos.EnableCatalogJanitorRequest,org.apache.hadoop.hbase.shaded.com.google.protobuf.RpcCallback<org.apache.hadoop.hbase.shaded.protobuf.generated.MasterProtos.EnableCatalogJanitorResponse>)"
"--large-name12--","mutateRowsTs_call(ByteBuffer,List<BatchMutation>,long,org.apache.thrift.async.AsyncMethodCallback<mutateRowsTs_call>,org.apache.thrift.async.TAsyncClient,org.apache.thrift.protocol.TProtocolFactory,org.apache.thrift.transport.TNonblockingTransport)"
"--large-name116--","runCatalogScan(com.google.protobuf.RpcController,org.apache.hadoop.hbase.protobuf.generated.MasterAdminProtos.RunCatalogScanRequest,com.google.protobuf.RpcCallback<org.apache.hadoop.hbase.protobuf.generated.MasterAdminProtos.RunCatalogScanResponse>)"
"--large-name284--","shutdown(org.apache.hadoop.hbase.shaded.com.google.protobuf.RpcController,org.apache.hadoop.hbase.shaded.protobuf.generated.MasterProtos.ShutdownRequest,org.apache.hadoop.hbase.shaded.com.google.protobuf.RpcCallback<org.apache.hadoop.hbase.shaded.protobuf.generated.MasterProtos.ShutdownResponse>)"
"--large-name269--","listProcedures(org.apache.hadoop.hbase.shaded.com.google.protobuf.RpcController,org.apache.hadoop.hbase.shaded.protobuf.generated.MasterProtos.ListProceduresRequest,org.apache.hadoop.hbase.shaded.com.google.protobuf.RpcCallback<org.apache.hadoop.hbase.shaded.protobuf.generated.MasterProtos.ListProceduresResponse>)"
"--large-name143--","dummyCall(com.google.protobuf.RpcController,org.apache.hadoop.hbase.coprocessor.protobuf.generated.DummyRegionServerEndpointProtos.DummyRequest,com.google.protobuf.RpcCallback<org.apache.hadoop.hbase.coprocessor.protobuf.generated.DummyRegionServerEndpointProtos.DummyResponse>)"
"--large-name61--","regionServerStartup(com.google.protobuf.RpcController,org.apache.hadoop.hbase.protobuf.generated.RegionServerStatusProtos.RegionServerStartupRequest,com.google.protobuf.RpcCallback<org.apache.hadoop.hbase.protobuf.generated.RegionServerStatusProtos.RegionServerStartupResponse>)"
"--large-name149--","getProcedureResult(com.google.protobuf.RpcController,org.apache.hadoop.hbase.protobuf.generated.MasterProtos.GetProcedureResultRequest,com.google.protobuf.RpcCallback<org.apache.hadoop.hbase.protobuf.generated.MasterProtos.GetProcedureResultResponse>)"
"--large-name151--","getRegionLocation_call(ByteBuffer,ByteBuffer,boolean,org.apache.thrift.async.AsyncMethodCallback<getRegionLocation_call>,org.apache.thrift.async.TAsyncClient,org.apache.thrift.protocol.TProtocolFactory,org.apache.thrift.transport.TNonblockingTransport)"
"--large-name190--","balanceRSGroup(com.google.protobuf.RpcController,org.apache.hadoop.hbase.protobuf.generated.RSGroupAdminProtos.BalanceRSGroupRequest,com.google.protobuf.RpcCallback<org.apache.hadoop.hbase.protobuf.generated.RSGroupAdminProtos.BalanceRSGroupResponse>)"
"--large-name232--","abortProcedure(org.apache.hadoop.hbase.shaded.com.google.protobuf.RpcController,org.apache.hadoop.hbase.shaded.protobuf.generated.MasterProtos.AbortProcedureRequest,org.apache.hadoop.hbase.shaded.com.google.protobuf.RpcCallback<org.apache.hadoop.hbase.shaded.protobuf.generated.MasterProtos.AbortProcedureResponse>)"
"--large-name187--","setSplitOrMergeEnabled(com.google.protobuf.RpcController,org.apache.hadoop.hbase.protobuf.generated.MasterProtos.SetSplitOrMergeEnabledRequest,com.google.protobuf.RpcCallback<org.apache.hadoop.hbase.protobuf.generated.MasterProtos.SetSplitOrMergeEnabledResponse>)"
"--large-name163--","getRowWithColumns_call(ByteBuffer,ByteBuffer,List<ByteBuffer>,Map<ByteBuffer,ByteBuffer>,org.apache.thrift.async.AsyncMethodCallback,org.apache.thrift.async.TAsyncClient,org.apache.thrift.protocol.TProtocolFactory,org.apache.thrift.transport.TNonblockingTransport)"
"--large-name113--","getUserPermissions(com.google.protobuf.RpcController,org.apache.hadoop.hbase.protobuf.generated.AccessControlProtos.GetUserPermissionsRequest,com.google.protobuf.RpcCallback<org.apache.hadoop.hbase.protobuf.generated.AccessControlProtos.GetUserPermissionsResponse>)"
"--large-name193--","getRSGroupInfoOfTable(com.google.protobuf.RpcController,org.apache.hadoop.hbase.protobuf.generated.RSGroupAdminProtos.GetRSGroupInfoOfTableRequest,com.google.protobuf.RpcCallback<org.apache.hadoop.hbase.protobuf.generated.RSGroupAdminProtos.GetRSGroupInfoOfTableResponse>)"
"--large-name182--","checkAndPut_call(ByteBuffer,ByteBuffer,ByteBuffer,ByteBuffer,ByteBuffer,TPut,org.apache.thrift.async.AsyncMethodCallback,org.apache.thrift.async.TAsyncClient,org.apache.thrift.protocol.TProtocolFactory,org.apache.thrift.transport.TNonblockingTransport)"
"--large-name119--","deleteNamespace(com.google.protobuf.RpcController,org.apache.hadoop.hbase.protobuf.generated.MasterProtos.DeleteNamespaceRequest,com.google.protobuf.RpcCallback<org.apache.hadoop.hbase.protobuf.generated.MasterProtos.DeleteNamespaceResponse>)"
"--large-name88--","execMasterService(com.google.protobuf.RpcController,org.apache.hadoop.hbase.protobuf.generated.ClientProtos.CoprocessorServiceRequest,com.google.protobuf.RpcCallback<org.apache.hadoop.hbase.protobuf.generated.ClientProtos.CoprocessorServiceResponse>)"
"--large-name26--","deleteAll_call(ByteBuffer,ByteBuffer,ByteBuffer,Map<ByteBuffer,ByteBuffer>,org.apache.thrift.async.AsyncMethodCallback<deleteAll_call>,org.apache.thrift.async.TAsyncClient,org.apache.thrift.protocol.TProtocolFactory,org.apache.thrift.transport.TNonblockingTransport)"
"--large-name78--","enableCatalogJanitor(com.google.protobuf.RpcController,org.apache.hadoop.hbase.protobuf.generated.MasterAdminProtos.EnableCatalogJanitorRequest,com.google.protobuf.RpcCallback<org.apache.hadoop.hbase.protobuf.generated.MasterAdminProtos.EnableCatalogJanitorResponse>)"
"--large-name132--","clearAuths(com.google.protobuf.RpcController,org.apache.hadoop.hbase.protobuf.generated.VisibilityLabelsProtos.SetAuthsRequest,com.google.protobuf.RpcCallback<org.apache.hadoop.hbase.protobuf.generated.VisibilityLabelsProtos.VisibilityLabelsResponse>)"
"--large-name254--","getProcedureResult(org.apache.hadoop.hbase.shaded.com.google.protobuf.RpcController,org.apache.hadoop.hbase.shaded.protobuf.generated.MasterProtos.GetProcedureResultRequest,org.apache.hadoop.hbase.shaded.com.google.protobuf.RpcCallback<org.apache.hadoop.hbase.shaded.protobuf.generated.MasterProtos.GetProcedureResultResponse>)"
"--large-name241--","deleteTable(org.apache.hadoop.hbase.shaded.com.google.protobuf.RpcController,org.apache.hadoop.hbase.shaded.protobuf.generated.MasterProtos.DeleteTableRequest,org.apache.hadoop.hbase.shaded.com.google.protobuf.RpcCallback<org.apache.hadoop.hbase.shaded.protobuf.generated.MasterProtos.DeleteTableResponse>)"
"--large-name273--","modifyNamespace(org.apache.hadoop.hbase.shaded.com.google.protobuf.RpcController,org.apache.hadoop.hbase.shaded.protobuf.generated.MasterProtos.ModifyNamespaceRequest,org.apache.hadoop.hbase.shaded.com.google.protobuf.RpcCallback<org.apache.hadoop.hbase.shaded.protobuf.generated.MasterProtos.ModifyNamespaceResponse>)"
"--large-name233--","addColumn(org.apache.hadoop.hbase.shaded.com.google.protobuf.RpcController,org.apache.hadoop.hbase.shaded.protobuf.generated.MasterProtos.AddColumnRequest,org.apache.hadoop.hbase.shaded.com.google.protobuf.RpcCallback<org.apache.hadoop.hbase.shaded.protobuf.generated.MasterProtos.AddColumnResponse>)"
"--large-name125--","isRestoreSnapshotDone(com.google.protobuf.RpcController,org.apache.hadoop.hbase.protobuf.generated.MasterProtos.IsRestoreSnapshotDoneRequest,com.google.protobuf.RpcCallback<org.apache.hadoop.hbase.protobuf.generated.MasterProtos.IsRestoreSnapshotDoneResponse>)"
"--large-name8--","getRowsWithColumns_call(ByteBuffer,List<ByteBuffer>,List<ByteBuffer>,org.apache.thrift.async.AsyncMethodCallback<getRowsWithColumns_call>,org.apache.thrift.async.TAsyncClient,org.apache.thrift.protocol.TProtocolFactory,org.apache.thrift.transport.TNonblockingTransport)"
"--large-name148--","isBalancerEnabled(com.google.protobuf.RpcController,org.apache.hadoop.hbase.protobuf.generated.MasterProtos.IsBalancerEnabledRequest,com.google.protobuf.RpcCallback<org.apache.hadoop.hbase.protobuf.generated.MasterProtos.IsBalancerEnabledResponse>)"
"--large-name208--","flushRegion(org.apache.hadoop.hbase.shaded.com.google.protobuf.RpcController,org.apache.hadoop.hbase.shaded.protobuf.generated.AdminProtos.FlushRegionRequest,org.apache.hadoop.hbase.shaded.com.google.protobuf.RpcCallback<org.apache.hadoop.hbase.shaded.protobuf.generated.AdminProtos.FlushRegionResponse>)"
"--large-name282--","setQuota(org.apache.hadoop.hbase.shaded.com.google.protobuf.RpcController,org.apache.hadoop.hbase.shaded.protobuf.generated.MasterProtos.SetQuotaRequest,org.apache.hadoop.hbase.shaded.com.google.protobuf.RpcCallback<org.apache.hadoop.hbase.shaded.protobuf.generated.MasterProtos.SetQuotaResponse>)"
"--large-name197--","cleanupBulkLoad(com.google.protobuf.RpcController,org.apache.hadoop.hbase.protobuf.generated.ClientProtos.CleanupBulkLoadRequest,com.google.protobuf.RpcCallback<org.apache.hadoop.hbase.protobuf.generated.ClientProtos.CleanupBulkLoadResponse>)"
"--large-name44--","scannerOpenWithScan_call(ByteBuffer,TScan,Map<ByteBuffer,ByteBuffer>,org.apache.thrift.async.AsyncMethodCallback<scannerOpenWithScan_call>,org.apache.thrift.async.TAsyncClient,org.apache.thrift.protocol.TProtocolFactory,org.apache.thrift.transport.TNonblockingTransport)"
"--large-name98--","isRestoreSnapshotDone(com.google.protobuf.RpcController,org.apache.hadoop.hbase.protobuf.generated.MasterAdminProtos.IsRestoreSnapshotDoneRequest,com.google.protobuf.RpcCallback<org.apache.hadoop.hbase.protobuf.generated.MasterAdminProtos.IsRestoreSnapshotDoneResponse>)"
"--large-name94--","secureBulkLoadHFiles(com.google.protobuf.RpcController,org.apache.hadoop.hbase.protobuf.generated.SecureBulkLoadProtos.SecureBulkLoadHFilesRequest,com.google.protobuf.RpcCallback<org.apache.hadoop.hbase.protobuf.generated.SecureBulkLoadProtos.SecureBulkLoadHFilesResponse>)"
"--large-name71--","modifyColumn(com.google.protobuf.RpcController,org.apache.hadoop.hbase.protobuf.generated.MasterAdminProtos.ModifyColumnRequest,com.google.protobuf.RpcCallback<org.apache.hadoop.hbase.protobuf.generated.MasterAdminProtos.ModifyColumnResponse>)"
"--large-name126--","listNamespaceDescriptors(com.google.protobuf.RpcController,org.apache.hadoop.hbase.protobuf.generated.MasterProtos.ListNamespaceDescriptorsRequest,com.google.protobuf.RpcCallback<org.apache.hadoop.hbase.protobuf.generated.MasterProtos.ListNamespaceDescriptorsResponse>)"
"--large-name166--","getRowsWithColumns_call(ByteBuffer,List<ByteBuffer>,List<ByteBuffer>,Map<ByteBuffer,ByteBuffer>,org.apache.thrift.async.AsyncMethodCallback,org.apache.thrift.async.TAsyncClient,org.apache.thrift.protocol.TProtocolFactory,org.apache.thrift.transport.TNonblockingTransport)"
"--large-name34--","getRows_call(ByteBuffer,List<ByteBuffer>,Map<ByteBuffer,ByteBuffer>,org.apache.thrift.async.AsyncMethodCallback<getRows_call>,org.apache.thrift.async.TAsyncClient,org.apache.thrift.protocol.TProtocolFactory,org.apache.thrift.transport.TNonblockingTransport)"
"--large-name76--","getSchemaAlterStatus(com.google.protobuf.RpcController,org.apache.hadoop.hbase.protobuf.generated.MasterMonitorProtos.GetSchemaAlterStatusRequest,com.google.protobuf.RpcCallback<org.apache.hadoop.hbase.protobuf.generated.MasterMonitorProtos.GetSchemaAlterStatusResponse>)"
"--large-name83--","getRowCount(com.google.protobuf.RpcController,org.apache.hadoop.hbase.coprocessor.example.generated.ExampleProtos.CountRequest,com.google.protobuf.RpcCallback<org.apache.hadoop.hbase.coprocessor.example.generated.ExampleProtos.CountResponse>)"
"--large-name20--","checkAndDelete_call(ByteBuffer,ByteBuffer,ByteBuffer,ByteBuffer,ByteBuffer,TDelete,org.apache.thrift.async.AsyncMethodCallback<checkAndDelete_call>,org.apache.thrift.async.TAsyncClient,org.apache.thrift.protocol.TProtocolFactory,org.apache.thrift.transport.TNonblockingTransport)"
"--large-name128--","listTableNamesByNamespace(com.google.protobuf.RpcController,org.apache.hadoop.hbase.protobuf.generated.MasterProtos.ListTableNamesByNamespaceRequest,com.google.protobuf.RpcCallback<org.apache.hadoop.hbase.protobuf.generated.MasterProtos.ListTableNamesByNamespaceResponse>)"
"--large-name21--","checkAndPut_call(ByteBuffer,ByteBuffer,ByteBuffer,ByteBuffer,ByteBuffer,TPut,org.apache.thrift.async.AsyncMethodCallback<checkAndPut_call>,org.apache.thrift.async.TAsyncClient,org.apache.thrift.protocol.TProtocolFactory,org.apache.thrift.transport.TNonblockingTransport)"
"--large-name81--","getLastFlushedSequenceId(com.google.protobuf.RpcController,org.apache.hadoop.hbase.protobuf.generated.RegionServerStatusProtos.GetLastFlushedSequenceIdRequest,com.google.protobuf.RpcCallback<org.apache.hadoop.hbase.protobuf.generated.RegionServerStatusProtos.GetLastFlushedSequenceIdResponse>)"
"--large-name89--","getAuthenticationToken(com.google.protobuf.RpcController,org.apache.hadoop.hbase.protobuf.generated.AuthenticationProtos.TokenRequest,com.google.protobuf.RpcCallback<org.apache.hadoop.hbase.protobuf.generated.AuthenticationProtos.TokenResponse>)"
"--large-name58--","replicateWALEntry(com.google.protobuf.RpcController,org.apache.hadoop.hbase.protobuf.generated.AdminProtos.ReplicateWALEntryRequest,com.google.protobuf.RpcCallback<org.apache.hadoop.hbase.protobuf.generated.AdminProtos.ReplicateWALEntryResponse>)"
"--large-name283--","setSplitOrMergeEnabled(org.apache.hadoop.hbase.shaded.com.google.protobuf.RpcController,org.apache.hadoop.hbase.shaded.protobuf.generated.MasterProtos.SetSplitOrMergeEnabledRequest,org.apache.hadoop.hbase.shaded.com.google.protobuf.RpcCallback<org.apache.hadoop.hbase.shaded.protobuf.generated.MasterProtos.SetSplitOrMergeEnabledResponse>)"
"--large-name17--","scannerOpen_call(ByteBuffer,ByteBuffer,List<ByteBuffer>,org.apache.thrift.async.AsyncMethodCallback<scannerOpen_call>,org.apache.thrift.async.TAsyncClient,org.apache.thrift.protocol.TProtocolFactory,org.apache.thrift.transport.TNonblockingTransport)"
"--large-name181--","checkAndDelete_call(ByteBuffer,ByteBuffer,ByteBuffer,ByteBuffer,ByteBuffer,TDelete,org.apache.thrift.async.AsyncMethodCallback,org.apache.thrift.async.TAsyncClient,org.apache.thrift.protocol.TProtocolFactory,org.apache.thrift.transport.TNonblockingTransport)"
"--large-name275--","moveRegion(org.apache.hadoop.hbase.shaded.com.google.protobuf.RpcController,org.apache.hadoop.hbase.shaded.protobuf.generated.MasterProtos.MoveRegionRequest,org.apache.hadoop.hbase.shaded.com.google.protobuf.RpcCallback<org.apache.hadoop.hbase.shaded.protobuf.generated.MasterProtos.MoveRegionResponse>)"
"--large-name139--","execProcedureWithRet(com.google.protobuf.RpcController,org.apache.hadoop.hbase.protobuf.generated.MasterProtos.ExecProcedureRequest,com.google.protobuf.RpcCallback<org.apache.hadoop.hbase.protobuf.generated.MasterProtos.ExecProcedureResponse>)"
"--large-name279--","runCatalogScan(org.apache.hadoop.hbase.shaded.com.google.protobuf.RpcController,org.apache.hadoop.hbase.shaded.protobuf.generated.MasterProtos.RunCatalogScanRequest,org.apache.hadoop.hbase.shaded.com.google.protobuf.RpcCallback<org.apache.hadoop.hbase.shaded.protobuf.generated.MasterProtos.RunCatalogScanResponse>)"
"--large-name263--","isMasterRunning(org.apache.hadoop.hbase.shaded.com.google.protobuf.RpcController,org.apache.hadoop.hbase.shaded.protobuf.generated.MasterProtos.IsMasterRunningRequest,org.apache.hadoop.hbase.shaded.com.google.protobuf.RpcCallback<org.apache.hadoop.hbase.shaded.protobuf.generated.MasterProtos.IsMasterRunningResponse>)"
"--large-name52--","getStoreFileList(com.google.protobuf.RpcController,org.apache.hadoop.hbase.protobuf.generated.RegionAdminProtos.GetStoreFileListRequest,com.google.protobuf.RpcCallback<org.apache.hadoop.hbase.protobuf.generated.RegionAdminProtos.GetStoreFileListResponse>)"
"--large-name6--","getRowWithColumns_call(ByteBuffer,ByteBuffer,List<ByteBuffer>,org.apache.thrift.async.AsyncMethodCallback<getRowWithColumns_call>,org.apache.thrift.async.TAsyncClient,org.apache.thrift.protocol.TProtocolFactory,org.apache.thrift.transport.TNonblockingTransport)"
"--large-name55--","bulkLoadHFile(com.google.protobuf.RpcController,org.apache.hadoop.hbase.protobuf.generated.RegionClientProtos.BulkLoadHFileRequest,com.google.protobuf.RpcCallback<org.apache.hadoop.hbase.protobuf.generated.RegionClientProtos.BulkLoadHFileResponse>)"
"--large-name90--","sum(com.google.protobuf.RpcController,org.apache.hadoop.hbase.coprocessor.protobuf.generated.ColumnAggregationProtos.SumRequest,com.google.protobuf.RpcCallback<org.apache.hadoop.hbase.coprocessor.protobuf.generated.ColumnAggregationProtos.SumResponse>)"
"--large-name46--","scannerOpenWithStop_call(ByteBuffer,ByteBuffer,ByteBuffer,List<ByteBuffer>,Map<ByteBuffer,ByteBuffer>,org.apache.thrift.async.AsyncMethodCallback<scannerOpenWithStop_call>,org.apache.thrift.async.TAsyncClient,org.apache.thrift.protocol.TProtocolFactory,org.apache.thrift.transport.TNonblockingTransport)"